CODI_SAD;ANY;GEN_DIARI;FEB_DIARI;MAR_DIARI;ABR_DIARI;MAI_DIARI;JUN_DIARI;JUL_DIARI;AGO_DIARI;SET_DIARI;OCT_DIARI;NOV_DIARI;DES_DIARI
ABASTAMENT_ATL;2007;5,296735364;5,186119698;6,823169803;5,188461768;6,449631496;7,305030242;7,586795102;6,391600209;6,906059961;6,896951912;6,485036962;6,18734095
ABASTAMENT_ATL;2008;5,427660544;4,617912933;4,343257542;4,204893967;4,197162485;4,334273073;5,75521356;5,691631571;5,100383438;5,247406287;5,078799657;4,614432497
ABASTAMENT_ATL;2009;4,87244437;3,82234095;4,633151508;4,641729764;4,433823178;5,498483796;5,865166891;4,827126269;5,109212963;5,63109767;4,696248507;4,715332288
ABASTAMENT_ATL;2010;4,337376792;4,335735514;4,056709229;3,860315487;4,135230361;4,312986858;4,916267174;4,022906586;4,873565188;4,224668085;3,425431601;3,935602225
ABASTAMENT_ATL;2011;3,668066756;3,081491935;3,998515905;3,948001419;4,172945042;4,427223342;4,303222446;3,727934588;5,148344161;5,758038754;5,762458931;5,277228569
ABASTAMENT_ATL;2012;5,428179137;4,946460573;5,309699821;4,755600358;5,722072879;6,725769116;6,735177718;4,916255974;4,747237157;4,801187276;3,474238351;3,470990143
ABASTAMENT_ATL;2013;3,45504779;4,723043608;5,347782258;5,348651434;5,153935185;6,702956989;6,941121565;3,844086022;5,030764636;5,116860812;5,221998208;4,786396356
ABASTAMENT_ATL;2014;5,13635006;4,408714158;5,153039128;5,165845281;5,897438769;5,348715651;5,360476404;4,945228495;5,823626045;4,823924731;5,429771505;5,367898746
ABASTAMENT_ATL;2015;5,579077061;5,84557945;5,533751493;4,127016129;4,852337216;5,702758363;6,379391054;4,233086918;5,412522401;5,221839531;5,522177419;4,571408303
ABASTAMENT_ATL;2016;4,440038829;3,840078032;4,172491039;4,574522103;4,146206691;4,368316906;5,042637395;4,155212067;5,005029122;4,50593638;4,701500896;4,058654421
ABASTAMENT_ATL;2017;4,32978644;3,636051374;4,251120072;4,698215352;5,602374552;6,177158005;5,619474313;4,82358871;4,742570191;4,665023895;4,175440562;3,333930705
ABASTAMENT_ATL;2018;3,67073626;3,128360215;3,543085424;3,837365591;4,492084827;4,779607228;5,116860812;4,518966547;5,69911141;4,530428614;4,033042115;3,130600358
ABASTAMENT_ATL;2019;4,403395311;3,128360215;3,543085424;3,837365591;4,492084827;4,779607228;5,116860812;4,518966547;5,69911141;4,530428614;4,033042115;3,130600358
ABASTAMENT_ATL;2020;4,528083557;6,559771825;4,890643668;4,573765432;3,954599761;6,136612654;5,890643668;3,329674432;4,441203704;3,481481481;2,964895573;3,263067503
ABASTAMENT_ATL;2021;4,164793907;4,086309524;3,533452808;3,532253086;4,881037186;5,37037037;4,617420848;3,848080944;4,646604938;3,505600358;3,915972222;3,105284125
ABASTAMENT_ATL;2022;3,945340502;4,28567295;3,466173835;3,534259259;4,426224612;4,917322531;4,659050179;3,307945042;5,37496142;3,912933094;3,870987654;3,44186828
ABASTAMENT_ATL;2023;3,257131123;3,973916997;3,053128734;2,561304012;2,816494922;3,704243827;3,779793907;2,660991637;2,540817901;3,053688769;2,722492284;2,251157407
ABASTAMENT_ATL;2024;1,916106631;2,187830688;1,772140084;1,95945216;1,878509558;2,900964506;3,376530765;3,58572282;3,117052469;4,401396356;3,728665123;3,8739546
ABASTAMENT_ETAP_MONTFULLA;2012;;;;;;;;;;0,48;0,44;0,48
ABASTAMENT_ETAP_MONTFULLA;2013;0,45;0,45;0,45;0,47;0,5;0,54;0,62;0,62;0,53;0,47;0,46;0,42
ABASTAMENT_ETAP_MONTFULLA;2014;0,42;0,42;0,43;0,47;0,51;0,56;0,6;0,59;0,53;0,48;0,44;0,42
ABASTAMENT_ETAP_MONTFULLA;2015;0,42;0,42;0,43;0,48;0,55;0,63;0,73;0,67;0,59;0,51;0,48;0,48
ABASTAMENT_ETAP_MONTFULLA;2016;0,47;0,46;0,5;0,52;0,53;0,61;0,76;0,78;0,65;0,54;0,51;0,5
ABASTAMENT_ETAP_MONTFULLA;2017;0,5;0,5;0,51;0,56;0,61;0,71;0,74;0,83;0,63;0,59;0,53;0,54
ABASTAMENT_ETAP_MONTFULLA;2018;0,5;0,45;0,53;0,54;0,56;0,62;0,71;0,6;0,62;0,57;0,55;0,53
ABASTAMENT_ETAP_MONTFULLA;2019;0,53;0,54;0,56;0,56;0,62;0,75;0,86;0,83;0,73;0,64;0,58;0,53
ABASTAMENT_ETAP_MONTFULLA;2020;0,51;0,54;0,59;0,52;0,59;0,58;0,71;0,77;0,64;0,58;0,54;0,55
ABASTAMENT_ETAP_MONTFULLA;2021;0,54;0,54;0,56;0,6;0,65;0,73;0,84;0,83;0,66;0,58;0,53;0,52
ABASTAMENT_ETAP_MONTFULLA;2022;0,54;0,54;0,52;0,56;0,64;0,74;0,86;0,9;0,66;0,6;0,57;0,54
ABASTAMENT_ETAP_MONTFULLA;2023;0,57;0,57;0,57;0,58;0,58;0,63;0,74;0,78;0,68;0,64;0,59;0,55
ABASTAMENT_ETAP_MONTFULLA;2024;0,55;0,52;0,44;0,41;0,46;0,5;0,65;0,7;0,63;0,57;0,54;0,53
ABASTAMENT_ETAP_MONTFULLA;9999;0,541367981;0,553902116;0,50776583;0,56712963;0,623506571;0,740740741;0,85125448;0,918458781;0,652006173;0,597371565;0,570987654;0,761648746
AFLUENT_GES;2008;0,080409927;0,068829786;0,083287944;0,201394725;0,347687632;0,383197386;0,146267803;0,090780536;0,084410378;0,070666503;0,18860307;0,216104197
AFLUENT_GES;2009;0,363890832;0,333119537;0,205181738;0,421508586;0,235495768;0,098949889;0,131913451;0,094571631;0,136527503;0,132088435;0,074457986;0,088021034
AFLUENT_GES;2010;0,157103374;0,262108794;0,311384263;0,237089946;0,34800672;0,193922917;0,095151357;0,088060487;0,124874239;0,26345614;0,103199819;0,16290733
AFLUENT_GES;2011;0,176623331;0,159039518;0,39526439;0,282679273;0,312973767;0,365609314;0,229876826;0,290837565;0,179496457;0,14695532;0,507586715;0,260947413
AFLUENT_GES;2012;0,198835013;0,171257775;0,185875982;0,205034722;0,225528225;;;;;;;
AFLUENT_GES;2013;;;;;;;;;;;;
AFLUENT_GES;2014;;;;;;;;;;;;
AFLUENT_GES;2015;;;;;;;;;;;;
AFLUENT_GES;2016;;;;;;;;;;;;
AFLUENT_GES;2017;;;;;;;;;;;;
AFLUENT_GES;2018;;;;;;;;;;;;0,192733075
AFLUENT_GES;2019;0,15692069;0,132096959;0,116581342;0,212296538;0,248115949;0,116925059;0,088100418;0,030171748;0,079125103;0,095003012;0,129621442;0,283158403
AFLUENT_GES;2020;0,446837009;0,260919064;0,180142275;0,369431535;0,245968559;0,410664423;0,191769209;0,124540103;0,161114583;0,128261453;0,241297946;0,229940377
AFLUENT_GES;2021;0,262050804;0,271860827;0,229563619;0,201538072;0,257513579;0,124154256;0,050698271;0,063324402;0,105731336;0,081223761;0,177887799;0,136777316
AFLUENT_GES;2022;0,233444844;0,093815339;0,279293249;0,266215334;0,196494191;0,077552532;0,024784703;0,107622831;0,181233529;0,124535498;0,095797982;0,105680919
AFLUENT_GES;2023;0,081490985;0,198015596;0,134302114;0,092321128;0,181604935;0,229742806;0,067915103;0,031029696;0,054606794;0,042136065;0,061686602;0,075165877
AFLUENT_GES;2024;0,079982194;0,073468804;0,151748959;0,159975331;0,207472135;0,324771111;0,119036844;0,122993816;0,083042389;0,133886005;0,185852498;0,162458525
AFLUENT_GES;2025;0,127258254;0,167890191;0,437273858;0,282773905;0,282692934;0,117811601;0,144947181;;;;;
AFLUENT_GOTARRA_ONYAR;2007;0,00043871;0,405039286;0,036951613;1,84773;0,113729032;0,023766667;0,000764286;0,01083;0,030033333;0,044651613;0,007696296;0,052955172
AFLUENT_GOTARRA_ONYAR;2008;0,024186667;0,101948148;0,702277419;0,871546667;0,559354839;0,871847222;0,022609677;0,001054435;0,003089583;0,051186492;0,587271528;1,254498285
AFLUENT_GOTARRA_ONYAR;2009;1,743403226;4,301988773;1,731593841;2,297828807;1,589376715;1,038839005;0,629515233;0,545575553;1,020141319;1,335777905;1,411939296;1,561455085
AFLUENT_GOTARRA_ONYAR;2010;1,876479727;4,275701214;5,877247366;2,980603488;6,116215612;2,578149276;1,490439543;1,80583591;3,773121064;7,335498262;;
AFLUENT_GOTARRA_ONYAR;2011;0,498721579;0,211018873;3,87688549;1,327010532;1,149393145;1,052343056;;;0,92263761;3,097397737;10,991089;2,940372424
AFLUENT_GOTARRA_ONYAR;2012;2,199537502;1,88334678;1,780009073;1,810178819;1,542770161;1,179442814;0,789626904;0,12341017;1,715847685;2,376877576;2,468406018;2,01849664
AFLUENT_GOTARRA_ONYAR;2013;1,876530802;1,921285714;5,065382504;2,954952315;3,071413755;2,427921991;1,95933703;1,612761873;2,159081533;2,306395049;2,965824653;2,564435932
AFLUENT_GOTARRA_ONYAR;2014;2,558597894;2,702484747;2,569712399;2,711892054;3,060261952;2,412959028;2,468943324;2,352750672;6,784982639;5,435206765;5,336825;6,218737919
AFLUENT_GOTARRA_ONYAR;2015;3,869360663;3,543755952;3,954823701;2,739939005;1,933160394;1,251158102;0,311428191;1,551959005;1,951851527;3,87441129;3,677612384;3,427624776
AFLUENT_GOTARRA_ONYAR;2016;3,159619129;3,179986138;2,972735484;3,462253588;3,23902733;2,122715741;0,961262097;0,30772547;2,463081019;3,865743554;3,149891782;3,114214942
AFLUENT_GOTARRA_ONYAR;2017;5,519519377;4,522214045;3,670629368;3,067105556;2,823959117;2,127240825;2,072532706;1,752249776;2,991580556;3,141787746;3,225473264;3,382563844
AFLUENT_GOTARRA_ONYAR;2018;3,54753909;3,959834863;4,017802531;5,467544055;6,211565748;3,389111458;2,304881392;2,792709117;3,926643727;5,840406584;12,0126713;1,08997247
AFLUENT_GOTARRA_ONYAR;2019;0,358170139;0,027335689;0,00377397;0,159219676;0,504215736;0,158016782;0,075014244;0,004420363;0,175431134;1,896459981;1,509250085;2,958213598
AFLUENT_GOTARRA_ONYAR;2020;7,83145272;0,869884579;0,687577447;5,977091898;1,081305451;0,942414236;0,097885081;0,233432796;0,043050926;0,111596704;0,479197819;0,391404798
AFLUENT_GOTARRA_ONYAR;2021;0,164076763;0,359323843;0,016641851;0,054714094;0,093778245;0,002419311;0,003445387;0,00546013;0,275631164;0,013809271;0,765239331;0,046334739
AFLUENT_GOTARRA_ONYAR;2022;0,015705877;0,013534051;0,641835241;0,511495872;0,12723077;0,080483033;0,582857986;0,502483199;1,126647374;2,260799955;1,749318412;0,840257168
AFLUENT_GOTARRA_ONYAR;2023;0,404303539;0,225682416;0,065417228;0,073092361;0,456542227;0,304138971;0,10800616;0,157524978;0,149965791;0,143351591;0,171732755;0,200634073
AFLUENT_GOTARRA_ONYAR;2024;0,224157594;0,208265925;0,324010641;0,620099142;0,319059252;0,177331822;0,064958333;0,576735347;0,599555716;0,53740961;0,689283912;0,483537753
AFLUENT_GOTARRA_ONYAR;2025;0,463416727;0,549270141;3,641497277;0,739838423;1,487294724;0,222531061;0,622455474;;;;;
AFLUENT_GURRI;2007;0,059764404;0,058964286;0,094277419;0,15681;0,110522581;0,090876667;0,012212164;0,02413517;0,019336667;0,066545161;0,018483333;0,022741935
AFLUENT_GURRI;2008;0,069380645;0,026058621;0,074390323;0,11388;0,171377419;0,152577639;0,109793548;0,043482079;0,085763773;0,054508344;0,10097704;0,109100918
AFLUENT_GURRI;2009;0,16875672;0,185432074;0,137822137;0,214510995;0,186971288;0,126459375;0,095558266;0,117916891;0,089239352;0,07503161;0,055201852;0,075072693
AFLUENT_GURRI;2010;0,108226636;0,162342138;0,203801414;0,151854306;0,236104368;0,168103357;0,096003472;0,09455362;0,084503661;0,153943685;0,107805994;0,099532833
AFLUENT_GURRI;2011;0,083389861;0,084911808;0,243095196;0,173813776;0,154437317;0,216825683;0,175033351;0,143260859;0,10621691;0,06990279;0,316233809;0,18083124
AFLUENT_GURRI;2012;0,145183433;0,120736882;0,120562865;0,159359266;0,171585243;;;;;;;
AFLUENT_GURRI;2013;;;;;;;;;;;;
AFLUENT_GURRI;2014;;;;;;;;;;;;
AFLUENT_GURRI;2015;;;;;;;;;;;;
AFLUENT_GURRI;2016;;;0,362102507;0,414154053;0,403094402;0,363960593;0,378842023;0,349398573;0,36859463;0,462365643;0,47630123;0,471092296
AFLUENT_GURRI;2017;0,14176962;0,182423488;0,222490431;0,27177263;0,219439821;0,217038705;0,20581967;0,20400175;0,254074135;0,177632528;0,158877389;0,142365466
AFLUENT_GURRI;2018;0,173218793;0,238247948;0,257222404;0,23467838;0,2365969;0,199543227;0,119948959;0,24288791;0,326139358;0,360682559;0,337093815;0,231450545
AFLUENT_GURRI;2019;0,192063832;0,162373123;0,147252762;0,191967805;0,183621626;0,143975116;0,082577187;0,048698981;0,102133746;0,131923811;0,258719846;0,224402931
AFLUENT_GURRI;2020;0,380103069;0,297868499;0,231001573;0,211393356;0,179301404;0,207268532;0,153769432;0,114656537;0,115532131;0,141966792;0,129674606;0,128462547
AFLUENT_GURRI;2021;0,125245223;0,123666797;0,123219512;0,16374407;0,164650876;0,068836757;0,038165358;0,031511546;0,035414863;0,023291331;0,0436839;0,028515191
AFLUENT_GURRI;2022;0,029518033;0,027509647;0,070052741;0,090433333;0,07;0,042916667;0,042467742;0,012029617;0,015;0,008869712;0,008778466;0,009736111
AFLUENT_GURRI;2023;0,004670732;0,012142857;0,029505395;0,063111852;0,054208885;0,0648;0,027193548;0,019193548;0,004433333;0,003588087;0,005766609;0,002906698
AFLUENT_GURRI;2024;0,006014673;0,003264865;0,033341081;0,057966667;0,058822581;0,076483333;0,056548387;0,022467742;0,021833333;0,050257449;0,055359464;0,029356463
AFLUENT_GURRI;2025;0,025050627;0,04878063;0,185992967;0,12400587;0,15439599;0,104277321;0,087398343;;;;;
AFLUENT_LLEMENA;2007;0,054516129;0,064642857;0,07483871;0,209;0,117741935;0,076333333;0,15;0,502258065;0,4636;0,078709677;0,064666667;0,05483871
AFLUENT_LLEMENA;2008;0,045258065;0,043896552;0,041193548;0,054066667;0,079225806;0,0851;0,05983871;0,046129032;0,036666667;0,07214198;0,115548247;0,162311996
AFLUENT_LLEMENA;2009;0,382122181;0,658744579;0,305455039;0,428505809;0,487426634;0,175449193;0,054516129;0,030967742;0,180024297;0,195080809;0,136173243;0,118812506
AFLUENT_LLEMENA;2010;0,143166136;0,211188091;0,280434822;0,192952046;0,539505157;0,281546865;0,165466941;0,14590417;0,156187225;0,415276021;0,203452307;0,23972375
AFLUENT_LLEMENA;2011;0,246740422;0,242157091;1,071657737;0,318482225;0,313083036;;;;;;;
AFLUENT_LLEMENA;2012;;;;;;;;;;;;
AFLUENT_LLEMENA;2013;;;;;;;;;;;;
AFLUENT_LLEMENA;2014;;;;;;;;;;;;
AFLUENT_LLEMENA;2015;;;;;;;;;;;;
AFLUENT_LLEMENA;2016;;;;;;;;;;;;
AFLUENT_LLEMENA;2017;;;;;;;;;0,0074672;0,020397281;0,031119005;0,034683379
AFLUENT_LLEMENA;2018;;;;;;;0,09465056;0,059791999;0,095731555;0,478690699;0,930142837;0,382734663
AFLUENT_LLEMENA;2019;0,2335621;0,117690148;0,06222569;0,055045277;0,049716733;0,032293989;0,004042861;0,001206119;0,001165489;0,064027343;0,017883265;0,249507282
AFLUENT_LLEMENA;2020;2,980293234;0,419756328;0,23491133;1,795102455;0,774935135;0,697681176;0,368277996;0,181654471;0,128452786;0,122234918;0,320176271;0,195052927
AFLUENT_LLEMENA;2020;2,980293234;0,419756328;0,23491133;1,795102455;0,774935135;0,697681176;0,368277996;0,181654471;0,128452786;0,122234918;0,320176271;0,195052927
AFLUENT_LLEMENA;2021;0,161954261;0,163512866;0,130497663;0,144300716;0,18522903;0,133224954;0,092241639;0,078429201;0,070848384;0,034607522;0,080417125;0,071721758
AFLUENT_LLEMENA;2021;0,161954261;0,163512866;0,130497663;0,144300716;0,18522903;0,133224954;0,092241639;0,078429201;0,070848384;0,034607522;0,080417125;0,071721758
AFLUENT_LLEMENA;2022;0,060400998;0,045980904;0,087120702;0,086305699;0,073993239;0,037951444;0,022588519;0,027393474;0,024392868;0,033586962;0,036188819;0,054408623
AFLUENT_LLEMENA;2022;0,060400998;0,045980904;0,087120702;0,086305699;0,073993239;0,037951444;0,022588519;0,027393474;0,024392868;0,033586962;0,036188819;0,054408623
AFLUENT_LLEMENA;2023;0,070593389;0,057281958;0,04030725;0,034282281;0,032002319;0,034900107;0,024253442;0,019911839;0,023904739;0,020297709;0,023570509;0,024679387
AFLUENT_LLEMENA;2023;0,070593389;0,057281958;0,04030725;0,034282281;0,032002319;0,034900107;0,024253442;0,019911839;0,023904739;0,020297709;0,023570509;0,024679387
AFLUENT_LLEMENA;2024;0,021245245;0,024949516;0,031377682;0,044283551;0,052978774;0,031741476;0,020583563;0,019921234;0,025474712;0,035953213;0,038078121;0,024443479
AFLUENT_LLEMENA;2024;0,021245245;0,024949516;0,031377682;0,044283551;0,052978774;0,031741476;0,020583563;0,019921234;0,025474712;0,035953213;0,038078121;0,024443479
AFLUENT_LLEMENA;2025;0,021152271;0,031149727;0,809219846;0,226294396;0,261713392;0,159076852;0,161227533;;;;;
AFLUENT_MAJOR_TER;2007;;;;;;;;;;;;
AFLUENT_MAJOR_TER;2008;;;;;;;;;;;;0,662907019
AFLUENT_MAJOR_TER;2009;0,080366083;0,106810373;0,060024825;0,125406669;0,082753701;0,106449496;0,065459748;0,030736084;0,052993845;0,073481977;0,027080621;0,030299081
AFLUENT_MAJOR_TER;2010;0,031246774;0,034926932;0,092985769;0,069188648;0,120247314;0,14125357;0,092500733;0,063649911;0,065114182;0,657193867;0,109788408;0,032702807
AFLUENT_MAJOR_TER;2011;0,03189573;0,095064091;0,108750779;0,066724308;0,07599771;0,194447826;0,110086641;0,073120076;0,042145606;0,042320647;0,04179786;0,041287595
AFLUENT_MAJOR_TER;2012;0,041082549;0,040869862;;;;;;;;;;
AFLUENT_MAJOR_TER;2013;;;;;;;;;;;;
AFLUENT_MAJOR_TER;2014;;;;;;;;;;;;
AFLUENT_MAJOR_TER;2015;;;0,823063037;0,070564645;0,04590369;0,041595153;0,019461564;0,032561075;0,045251231;0,056647396;0,118423117;0,061420086
AFLUENT_MAJOR_TER;2016;0,053413328;0,05493873;0,051875361;0,053869623;0,047158252;0,072385412;0,010257325;;;0,004860235;0,004667367;0,004487907
AFLUENT_MAJOR_TER;2017;0,004393956;0,046920806;0,250778638;0,04020731;0,029144705;0,021407425;0,01240641;0,009768251;0,030975843;0,041600244;0,040778132;0,039458286
AFLUENT_MAJOR_TER;2018;0,042196223;0,158903142;0,07851333;0,35559787;0,13653643;0,125499853;0,03857797;0,12563957;0,048036966;2,165714892;0,789099739;0,163093023
AFLUENT_MAJOR_TER;2019;0,125235595;0,083856695;0,053377296;0,055400682;0,050054523;0,0480367;0,038572738;0,024233266;0,12310473;0,780182669;0,178030695;1,207960241
AFLUENT_MAJOR_TER;2020;13,53206881;;;;;;;;;;;
AFLUENT_MAJOR_TER;2021;;;;;;;;;;;;
AFLUENT_MAJOR_TER;2022;;;;;0,170089071;0,056626365;0,01857675;0,103005522;0,12072962;0,061402985;0,073691271;0,089655187
AFLUENT_MAJOR_TER;2023;0,081250391;0,121289294;0,121394792;0,129752568;0,32394745;0,538060737;0,058389273;0,025492837;0,047489179;0,029006859;0,058881226;0,111115459
AFLUENT_MAJOR_TER;2024;0,118066293;0,12235556;0,270877015;0,218718401;0,209434438;0,210742615;0,041222869;0,111351923;0,061828443;0,144107264;0,288420758;0,218734373
AFLUENT_MAJOR_TER;2025;0,164875713;0,188732849;2,59984786;0,378613165;0,580106848;0,143834218;0,154036351;;;;;
AFLUENT_ONYAR;2007;0,10445;0,365107143;0,202402073;1,747363333;0,348325806;0,158873333;0,037307168;0,112883142;0,046713793;0,094358065;0,079886207;0,083451613
AFLUENT_ONYAR;2008;0,116856667;0,154141379;0,249716129;0,258686667;0,470112903;1,240903056;0,121545161;0,040360608;0,031728241;0,049635791;0,253571241;1,198453181
AFLUENT_ONYAR;2009;0,462765457;1,95874628;0,309983199;0,808706018;0,554975924;0,202042824;0,097559364;0,055656354;0,0816875;0,140170618;0,137787474;0,122641129
AFLUENT_ONYAR;2010;0,154243952;1,195841422;2,989947533;0,647279375;2,7553667;0,371793056;0,091128136;0,146694579;0,823897665;2,790944445;0,276295718;0,268531698
AFLUENT_ONYAR;2011;0,413618168;0,476230338;4,427741787;0,725567085;0,494210031;0,195225463;0,288798835;0,006160506;0,003018998;0,6879086;11,71789915;0,542140078
AFLUENT_ONYAR;2012;0,325906413;0,307994195;0,690175153;0,83626391;0,536861082;0,365852252;0,170999615;0,075714994;0,167279891;0,756022542;0,7665474;0,386342864
AFLUENT_ONYAR;2013;0,297419355;0,280571429;2,911290323;1,229666667;0,776645161;0,543333333;0,286096774;0,179009633;0,096166667;0,063387097;0,623;0,188064516
AFLUENT_ONYAR;2014;0,180322581;0,31;0,242903226;0,359666667;0,326129032;0,205333333;0,232580645;0,242258065;4,908333333;0,649709677;1,597166667;4,237096774
AFLUENT_ONYAR;2015;0,447096774;0,422142857;0,492903226;0,444333333;0,419354839;0,401;0,385483871;0,426774194;0,419666667;0,421290323;0,410666667;0,404516129
AFLUENT_ONYAR;2016;0,25;0,147931034;0,238709677;0,4336;0,334322581;0,2303;0,145870968;0,126451613;0,1383;0,646451277;0,259579745;0,242383065
AFLUENT_ONYAR;2017;2,25799552;1,195079677;0,897661738;0,410346397;0,169616283;0,142532294;0,116820117;0,067602151;0,083168287;0,075952509;0,036126042;0,061350918
AFLUENT_ONYAR;2018;0,125840166;0,232816592;0,16109767;0,910559607;0,433420363;0,14880868;0,221126054;0,329959117;0,096820255;1,400693276;16,43033193;0,620686323
AFLUENT_ONYAR;2019;0,294102096;0,266032181;0,218968172;0,333160233;0,274559881;0,165612153;0,08395374;0,039092854;0,473037269;1,88373264;0,247247799;2,947928321
AFLUENT_ONYAR;2020;20,53421061;1,229223503;1,186699103;15,08188048;0,973647436;2,251770533;0,783106853;0,320392214;0,223399651;0,149342854;0,913011932;0,377008759
AFLUENT_ONYAR;2021;0,275927579;0,369362974;0,274190626;0,285487118;0,268357549;0,111622427;0,070435641;0,046632569;0,236560675;0,100598848;0,585989105;0,12449971
AFLUENT_ONYAR;2022;0,072715605;0,065182041;0,831353936;0,926976905;0,255284217;0,092471501;0,04704055;0,052467729;0,190043855;0,238188018;0,123976742;0,102747105
AFLUENT_ONYAR;2023;0,05367847;0,177986499;0,162630102;0,065513523;0,059841158;0,151242252;0,038944111;0,032551037;0,078504295;0,068373981;0,124014271;0,14327087
AFLUENT_ONYAR;2024;0,123017837;0,096371466;0,29553963;0,275418726;0,457416845;0,191460862;0,055120696;0,42558624;0,158477233;0,115725702;0,250173334;0,113147065
AFLUENT_ONYAR_ONYAR;2007;0,787120878;0,769696429;0,843448387;1,411126667;3,682806452;1,737436667;0,852684565;0,895365918;0,844065517;0,855925806;0,85159;0,849719355
AFLUENT_ONYAR_ONYAR;2008;0,847703333;0,784317857;0,004603226;0,013879167;0,019728;0,321851662;0,00573125;0,000334825;0,289649171;0,002536073;0,001336574;0,236049283
AFLUENT_ONYAR_ONYAR;2009;;;0,477914142;0,621801262;0,578710747;0,256151273;0,099267809;0,021069074;0,038890856;0,043408381;0,062049689;0,021707437
AFLUENT_ONYAR_ONYAR;2010;0,016541552;0,117261422;0,186394037;0,061527702;0,212361665;0,010463773;0,078806148;0,73940905;0,096708023;0,085278133;;
AFLUENT_ONYAR_ONYAR;2011;;;0,573949373;0,136773339;0,413706385;0,255749606;;;0,329881896;0,799596562;3,94753711;0,684184514
AFLUENT_ONYAR_ONYAR;2012;0,449358326;0,205214309;0,440218;0,581176026;0,274206413;0,206243859;0,103907928;0,00109095;0,000359259;0,193854951;0,000615278;
AFLUENT_ONYAR_ONYAR;2013;;;0,415426635;0,000147454;0,002751568;;;0,001966734;0,267449499;0,336873208;0,070888079;
AFLUENT_ONYAR_ONYAR;2014;;;0,010140569;0,166194019;0,321862067;0,034465509;0,002350918;0,008610775;1,434930208;0;0,557805787;0,287732303
AFLUENT_ONYAR_ONYAR;2015;;;0,008595654;;;;;0,168147401;0,378977107;0,050636313;0,000589236;
AFLUENT_ONYAR_ONYAR;2016;;;;;0,006728943;0,023695023;0,101829525;0,010289119;0,007349537;0,012770355;0,001129282;0,000239247
AFLUENT_ONYAR_ONYAR;2017;0,004945116;0,002370164;0,005175515;;0,031258176;0,063496202;0,011467518;;;;;
AFLUENT_ONYAR_ONYAR;2018;;0,020638313;0,090039875;0,420010354;0,362220878;0,75767338;0,397949492;0,367143033;0,436681437;0,852085237;0,198131069;0,541073052
AFLUENT_ONYAR_ONYAR;2019;0,493305668;0,434092386;0,378118345;0,405712731;0,345989808;0,673350926;0,83747096;1,001835237;2,156199769;1,136997646;0,654312143;0,928909498
AFLUENT_ONYAR_ONYAR;2020;4,374289967;0,959310704;0,816812866;3,718300463;0,697343931;0,836179167;0,611382728;0,487143033;0,381413542;0,137334343;0,443701384;0,184114562
AFLUENT_ONYAR_ONYAR;2021;0,137444502;0,155818819;0,091659316;0,693662491;0,693271505;0,200696008;0,027304348;0,199375336;0,532382523;0,50061996;0,162666898;0,267699373
AFLUENT_ONYAR_ONYAR;2022;0,29424944;0,31214763;0,432876587;0,561098843;0,50747171;0,42356713;0,340309259;0,532575045;0,126329337;0,002388553;0,002512963;0,015033826
AFLUENT_ONYAR_ONYAR;2023;0,065371976;0,086799711;0,051576053;0,040887732;0,087024978;0,062560824;0,049903338;0,077291443;0,309618114;0,081589606;0,133846296;0,039670043
AFLUENT_ONYAR_ONYAR;2024;0,002189068;0,000452945;0,002679548;0,127260648;0,564011761;0,242497158;0,022803651;0,151950493;0,009630214;0,00903629;0,005623032;0,044662993
AFLUENT_ONYAR_ONYAR;2025;0,279360203;0,413200383;1,745639307;0,597801429;0,708381288;0,383756019;0,401160227;;;;;
AFLUENT_OSOR;2007;;;;;;;;;;;;
AFLUENT_OSOR;2008;;;;;;;;;;;;
AFLUENT_OSOR;2009;;;;;;;;;;;;
AFLUENT_OSOR;2010;;;;0,292;1,143548387;0,188666667;0,047096774;0,107741935;0,134;0,675483871;0,226333333;0,228709677
AFLUENT_OSOR;2011;0,218064516;0,226785714;1,960967742;0,760666667;0,96483871;1,224;0,319032258;0,442580645;0,228666667;0,197741935;2,421666667;0,573870968
AFLUENT_OSOR;2012;0,373548387;0,316551724;0,27483871;0,348;0,21;0,979375217;0,358134704;0,011612903;0,088;0,281612903;0,392;0,293225806
AFLUENT_OSOR;2013;0,226129032;0,16;6,293037153;2,980286111;3,004997984;2,281129861;1,458654906;1,634728495;2,073528125;2,375983756;3,504344792;5,262907594
AFLUENT_OSOR;2014;7,617574933;11,76610417;8,427938844;0,690666667;0,406451613;0,447;0,321612903;0,357741935;0,7341;0,495387097;0,563066667;1,526612903
AFLUENT_OSOR;2015;0,216451613;0,191071429;1,362258065;0,333666667;0,117741935;0,053666667;0,001612903;0,040645161;0,134333333;0,049354839;0,252666667;0,068064516
AFLUENT_OSOR;2016;0,125967742;0,174103448;0,274870968;0,509233333;0,367774194;0,111533333;0,006225806;0,047858312;0,022163151;0,111714348;0,141346771;0,257339922
AFLUENT_OSOR;2017;0,178302798;0,167897149;0,173678282;0,162413126;0,204939666;0,075650404;0,022335683;;0,104627022;0,123520145;0,090909034;0,101045089
AFLUENT_OSOR;2018;0,137029882;0,422871339;0,396025563;1,446425652;0,94150161;0,785397963;0,136112224;0,170388359;0,174232303;2,209483871;4,476266667;0,516
AFLUENT_OSOR;2019;0,309354839;0,262;0,226161457;0,27479723;0,251703356;0,094329219;0,022499001;0,010604496;0,151045472;0,329930754;0,174060794;0,917905463
AFLUENT_OSOR;2020;8,948056106;;;;;;0,281669357;0,171345246;0,204474336;0,219581317;0,551474155;0,394381767
AFLUENT_OSOR;2020;8,948056106;1,164616095;;;;;0,236238815;0,171345246;0,204474336;0,219581317;0,551474155;0,394381767
AFLUENT_OSOR;2021;0,304554256;0,315328324;0,239938187;0,22043432;0,263401325;0,095466836;0,013681753;0,048314116;0,077902237;0,056347704;0,255674669;0,122187402
AFLUENT_OSOR;2021;0,304554256;0,315328324;0,239938187;0,22043432;0,263401325;0,095466836;0,013681753;0,048314116;0,077902237;0,056347704;0,255674669;0,122187402
AFLUENT_OSOR;2022;0,112431423;0,079125511;0,716498837;0,528543353;0,206881341;0,030408442;0,001513105;0,020624872;0,013735666;0,03815439;0,05421904;0,064139205
AFLUENT_OSOR;2022;0,112431423;0,079125511;0,716498837;0,528543353;0,206881341;0,030408442;0,001513105;0,020624872;0,013735666;0,03815439;0,05421904;0,064139205
AFLUENT_OSOR;2023;0,075673504;0,138599446;0,088019088;0,062143131;0,192224578;0,195475943;0,048167542;0,052049192;0,044281975;0,003170239;0,023443182;0,047924049
AFLUENT_OSOR;2023;0,075673504;0,138599446;0,088019088;0,062143131;0,192224578;0,195475943;0,031075834;0,008395031;0,01771279;0,000511329;0,018754546;0,047924049
AFLUENT_OSOR;2024;0,06013682;0,068458901;0,132337629;0,16390765;0,199382939;0,218909503;0,034829005;0,056405398;0,026257272;0,063474253;0,130395181;0,074161888
AFLUENT_OSOR;2024;0,06013682;0,066098249;0,132337629;0,16390765;0,199382939;0,218909503;0,034829005;0,056405398;0,026257272;0,063474253;0,130395181;0,074161888
AFLUENT_OSOR;2025;0,06606716;0,174581488;5,662973158;0,389176447;1,210371852;0,14946736;0,344880567;;;;;
AFLUENT_PASTERAL_1;2010;;;7,673917409;8,531185018;16,46703957;19,64137835;17,621527;15,44591146;16,55489684;40,60454177;48,70180069;12,87170878
AFLUENT_PASTERAL_1;2011;9,520379704;7,6953121;46,14690614;19,07367088;14,93935223;20,46273264;15,60725515;15,48520943;;;;
AFLUENT_PASTERAL_1;2012;;;10,6468358;10,13866157;12,71873687;;;;;;;
AFLUENT_PASTERAL_1;2013;;;5,217832506;9,819572383;10,67047212;16,80858315;17,8896775;16,04754851;;;;
AFLUENT_PASTERAL_1;2014;;;;;;15,97650494;15,68709924;13,19893996;18,33582502;16,67128482;16,30211927;54,02054501
AFLUENT_PASTERAL_1;2015;12,31750851;11,98494308;12,48279208;15,18423667;13,87725123;16,64251867;19,10392229;13,92895296;13,21307285;12,90629551;11,80287605;10,26545105
AFLUENT_PASTERAL_1;2016;9,881865143;9,364121251;9,824100467;10,63902388;9,425513981;12,79450197;17,42217821;15,5111791;12,54004593;9,962649545;9,73663125;8,527708872
AFLUENT_PASTERAL_1;2017;8,877512969;8,835626386;9,298237485;9,983255787;12,87369747;17,73718902;16,98665041;14,69241622;12,42716389;11,27841241;10,2933765;7,234746437
AFLUENT_PASTERAL_1;2018;7,198370588;6,434842492;6,590002498;7,5128438;17,53767964;28,64535247;17,15161635;14,13288089;17,64921418;49,01117338;60,61543409;14,72039665
AFLUENT_PASTERAL_1;2019;9,745183273;11,78773336;10,77007825;10,71073553;10,65624514;17,0448228;17,76387742;15,11559355;11,90403667;10,0129685;7,468296052;7,489573604
AFLUENT_PASTERAL_1;2020;59,7015474;28,01370921;11,37464676;27,87119398;27,73922889;57,08641624;16,38369523;17,80337185;20,79235854;10,78308205;17,01806874;13,31246965
AFLUENT_PASTERAL_1;2020;59,7015474;28,01370921;11,37464676;27,87119398;27,73922889;57,08641624;16,38369523;17,80337185;20,79235854;10,78308205;17,01806874;13,31246965
AFLUENT_PASTERAL_1;2021;9,521852499;9,952251152;9,693366681;10,65552773;11,69579954;15,47186818;16,19374445;13,84907371;12,25228163;10,17133594;9,683203345;9,480095196
AFLUENT_PASTERAL_1;2021;9,521852499;9,952251152;9,693366681;10,65552773;11,69579954;15,47186818;16,19374445;13,84907371;12,25228163;10,17133594;9,683203345;9,480095196
AFLUENT_PASTERAL_1;2022;9,23441736;8,705215719;8,675955332;8,997300793;10,58154057;15,19225303;15,78020693;12,30566629;10,88509844;7,164913485;7,529532997;6,259775589
AFLUENT_PASTERAL_1;2022;9,23441736;8,705215719;8,675955332;8,997300793;10,58154057;15,19225303;15,78020693;12,30566629;10,88509844;7,164913485;7,529532997;6,259775589
AFLUENT_PASTERAL_1;2023;6,515818758;6,733567307;5,246982076;4,800297338;5,148759745;8,489637692;10,85416095;9,094665099;5,999034192;5,636452996;5,22560812;4,473464606
AFLUENT_PASTERAL_1;2023;6,515818758;6,733567307;5,246982076;4,800297338;5,148759745;8,489637692;10,85416095;9,094665099;5,999034192;5,636452996;5,22560812;4,473464606
AFLUENT_PASTERAL_1;2024;9,23441736;8,705215719;8,675955332;8,997300793;10,58154057;15,19225303;15,78020693;12,30566629;10,88509844;7,164913485;7,529532997;6,259775589
AFLUENT_PASTERAL_1;2024;4,186770644;3,724910042;2,899372239;3,168667824;3,687450192;5,956505529;11,49565626;11,31354267;8,098045688;7,926712972;6,925837153;7,145171371
AFLUENT_PASTERAL_1;2025;5,692507616;6,55323682;6,328060975;5,27817712;6,84861219;11,47839676;12,71154248;;;;;
AFLUENT_TERRI_1;2007;0,248709677;0,238571429;0,236612903;0,3345;0,307419355;0,299;0,264193548;0,286451613;0,2655;0,255854839;0,2405;0,251666667
AFLUENT_TERRI_1;2008;0,250680645;0,24212069;0,239637037;0,259254545;0,301403333;0,34264;0,307619355;0,290068211;0,287400958;0,276761472;0,279886831;0,354376846
AFLUENT_TERRI_1;2009;0,368486111;0,369746127;0,345782445;0,37512303;0,349022084;0,309057715;0,29128209;0,267651967;0,256736243;0,267528474;0,265812634;0,256194616
AFLUENT_TERRI_1;2010;0,256627572;0,283040369;0,308842608;0,291017691;0,335439012;0,293033657;0,279430511;0,27895084;0,291825168;0,335494115;0,335497949;0,337630948
AFLUENT_TERRI_1;2011;0,337169153;0,336671057;0,44258078;0,38579809;0,383048635;0,364764584;;;;;;
AFLUENT_TERRI_1;2012;;;;;;;;;;;;
AFLUENT_TERRI_1;2013;;;;;;;;;;;;
AFLUENT_TERRI_1;2014;;;;;;;;;;;;
AFLUENT_TERRI_1;2015;;;;;;;;;;;;
AFLUENT_TERRI_1;2016;;;;;;;;;;;;
AFLUENT_TERRI_1;2017;;;;;;;;;;;;
AFLUENT_TERRI_1;2018;;;;;;;;;;;0,594814141;0,414875
AFLUENT_TERRI_1;2019;0,410412759;0,384522555;0,342964382;0,320357292;0,322100323;0,284679524;0,272658991;0,278625796;0,272274945;0,28159983;0,273196944;0,315245713
AFLUENT_TERRI_1;2020;0,854492418;0,30219689;0,32745404;0,701781602;0,342429403;0,379410066;0,260870968;0,204039158;0,223253819;0,214165997;0,307547607;0,277277071
AFLUENT_TERRI_1;2020;0,409860872;0,392975015;0,39451508;0,442665303;0,404510838;0,416004057;0,377560364;0,357413081;0,361502361;0,359366705;0,381621709;0,374196143
AFLUENT_TERRI_1;2021;0,207167393;0,237942336;0,233600226;0,179553502;0,225780242;0,169583333;0,125642809;0,123810484;0,131075347;0,105909274;0,121720486;0,108622984
AFLUENT_TERRI_1;2021;0,358222129;0,371126394;0,360022473;0,339631237;0,358560148;0,336679861;0,311969086;0,303315524;0,296687544;0,265994923;0,271768403;0,2740709
AFLUENT_TERRI_1;2022;0,121379049;0,121673417;0,15341486;0,184674629;0,144927942;0,116753972;0,086918642;0,114981539;0,112412707;0,114548583;0,133289075;0,13214777
AFLUENT_TERRI_1;2022;0,270029315;0,272452495;0,302273521;0,323676819;0,320317438;0,294120486;0,219308468;0,211504704;0,224413368;0,258363285;0,284134375;0,270925739
AFLUENT_TERRI_1;2023;0,126554702;0,177041823;0,121190987;0,148344718;0,128213181;0,217148936;0,172346986;0,139876608;0,135209831;0,128689583;0,145811414;0,145403179
AFLUENT_TERRI_1;2023;0,268897477;0,286421891;0,271578965;0,276606295;0,271125336;0,290834547;0,282663306;0,277565804;0,274136607;0,274673282;0,278223264;0,281296035
AFLUENT_TERRI_1;2024;0,140447285;0,153218692;0,077362326;0,09619663;0,202856635;0,242864383;0,211551449;0,209627861;0,128780306;0,161790372;0,148157525;0,115463676
AFLUENT_TERRI_1;2024;0,279513777;0,282461925;0,243533302;0,248774653;0,291941416;0,310373433;0,301894489;0,296961464;0,274417957;0,284478159;0,278284274;0,268062216
AFLUENT_TERRI_1;2025;0,270600665;0,282972308;0,363911807;0,343320151;0,378349208;0,400506277;0,393961041;;;;;
C_AMBIEN_REC_MOLI;QUALSEVOL;0,205346476;0,227347884;0,205346476;0,212191358;0,205346476;0,212191358;0,205346476;0,205346476;0,212191358;0,205346476;0,212191358;0,205346476
C_AMBIEN_REC_SENTMENAT;QUALSEVOL;0,3;0,3;0,3;0,3;0,3;0,3;0,3;0,3;0,3;0,3;0,3;0,3
CONTROL_ABADESSES_TER;2007;1,112068209;1,262813718;0,762552231;10,21142448;4,879214682;3,321860437;1,41119977;1,89743249;1,076915309;1,634438583;1,227109955;1,017316346
CONTROL_ABADESSES_TER;2008;0,580819748;0,431302449;0,328074476;2,770239394;13,0333307;7,992138787;4,868120541;2,573738895;3,023832496;1,58335069;7,599827343;3,023568695
CONTROL_ABADESSES_TER;2009;5,147468805;7,110188012;3,548337866;10,10366834;9,355614625;3,651123289;2,890538577;1,426903268;0,532386382;1,26167807;1,102093839;1,072471474
CONTROL_ABADESSES_TER;2010;1,020752908;1,216880626;3,806810921;2,995539513;10,80911168;7,591638205;3,747637084;7,444983191;2,619138441;13,2287465;3,549348015;2,574609178
CONTROL_ABADESSES_TER;2011;1,607547122;1,914422722;13,71547043;6,515546139;6,706217753;8,662329612;2,427829352;1,565491741;2,215584708;1,102093724;9,882502332;4,265970599
CONTROL_ABADESSES_TER;2012;2,178081767;1,336934554;2,090577376;3,178728079;3,972994399;3,04278304;1,00850047;0,855684547;0,52851233;1,965105518;2,449536067;1,483880587
CONTROL_ABADESSES_TER;2013;1,124004435;0,951655525;9,272256106;6,905040082;9,325257798;6,005095742;4,772747568;3,617083628;3,121484327;2,293595366;4,15867632;2,393871215
CONTROL_ABADESSES_TER;2014;2,143315439;2,660549591;2,558732527;5,544429468;4,889903278;3,784485539;4,351885049;4,944508863;5,877599975;4,157445789;9,042408812;9,468993839
CONTROL_ABADESSES_TER;2015;3,286719813;2,085981738;6,901972633;7,631866554;3,664641916;4,318976602;2,523255195;3,045761854;2,91389832;4,941367134;12,22245943;2,534124907
CONTROL_ABADESSES_TER;2016;1,701688797;1,360068172;2,492816228;5,795399279;7,590244728;13,67675866;1,917928467;0,985072054;1,56170644;2,263082424;5,2381355;6,048034781
CONTROL_ABADESSES_TER;2017;3,791568002;14,83850138;8,296253156;6,077445731;5,163650255;3,300114899;2,204456078;1,347962354;1,768028724;1,522537231;1,193327958;1,304417122
CONTROL_ABADESSES_TER;2018;2,062062631;4,548795259;6,146417713;14,42012999;10,22789748;8,735503964;5,267903826;3,960698146;5,404172198;15,68866147;14,86526541;5,983328726
CONTROL_ABADESSES_TER;2019;3,104720359;2,611231058;1,780965478;3,01162448;5,097017507;3,337772731;2,279493261;1,665904598;1,795017343;3,792732131;3,646549023;8,198803344
CONTROL_ABADESSES_TER;2020;14,16924571;8,761444823;5,704772109;8,986090308;10,21020593;15,12771257;7,791849022;6,204221282;6,796558472;5,146869977;7,512916659;6,02633977
CONTROL_ABADESSES_TER;2021;3,725994993;6,519293904;5,136393035;4,283754123;5,414348831;4,265721671;2,234011153;1,92774099;2,392501205;2,095198966;3,364135333;2,91773641
CONTROL_ABADESSES_TER;2022;1,955325946;1,379392665;4,615217305;4,031873879;3,995169126;2,189932901;1,374502427;2,232639715;2,707112014;1,618550112;1,216524128;0,963913644
CONTROL_ABADESSES_TER;2023;0,783369109;1,17430286;1,317992043;1,032750921;2,159183373;5,094435801;2,484713233;1,840588753;1,64721818;1,195977253;1,138216543;1,2346699
CONTROL_ABADESSES_TER;2024;0,973614627;0,848365072;1,572334422;2,564345577;6,209133924;4,25591794;2,080750177;1,101819733;1,446503144;2,052341734;3,084762941;1,848519041
CONTROL_ABADESSES_TER;2025;1,166769863;1,070381044;12,27516265;7,588195874;6,626068548;3,916643728;2,98842933;;;;;
CONTROL_CAMRPDON_TER;2019;;;;;;2,86685385;1,75406631;1,363527161;1,314557404;1,763887037;2,315804186;4,083879532
CONTROL_CAMRPDON_TER;2020;8,020181588;6,042611053;4,187755092;6,005327614;7,244063429;10,15684844;5,798801743;3,826511115;4,031762493;2,950393087;4,272572868;4,115876126
CONTROL_CAMRPDON_TER;2021;2,440861827;3,635597878;3,443113177;2,44728049;4,266481725;3,891837817;2,096015266;1,757214244;1,664255775;;;
CONTROL_CAMRPDON_TER;2022;1,354751764;1,247325233;3,044147615;3,413806362;3,233973814;1,94366228;1,284906976;1,830595639;1,833973786;1,414099405;1,062408391;0,949864286
CONTROL_CAMRPDON_TER;2023;0,776145105;0,698065054;1,076951305;1,047996732;1,874505739;4,383706928;1,845202083;1,522526882;1,533069444;1,138963038;1,072420139;1,105821909
CONTROL_CAMRPDON_TER;2024;0,859257393;0,754166667;1,476584005;2,113845238;;3,556363839;2,44533871;1,739854839;1,619034028;1,855081989;2,573290278;1,89906922
CONTROL_CAMRPDON_TER;2025;1,480105335;1,301436756;4,31402957;4,945802778;4,714412634;3,568033333;3,190992647;;;;;
CONTROL_PASTERAL_2;2007;3,223096774;3,318857143;3,471806452;3,717966667;4,186516129;8,1555;8,285483871;5,716483871;5,4918;2,484258065;2,2828;1,892387097
CONTROL_PASTERAL_2;2008;1,282548387;1,182655172;1,124548387;0,916833333;0,919580645;2,1397;7,62183871;8,567774194;4,838066667;3,817645161;3,090333333;3,375387097
CONTROL_PASTERAL_2;2009;4,08616129;7,145857143;5,675709677;26,7524;23,30777419;10,2032;11,09148387;11,2483871;6,802333333;5,374483871;4,3118;4,083935484
CONTROL_PASTERAL_2;2010;4,137548387;4,208821429;4,265516129;4,4104;15,01403226;22,40773333;16,5453871;11,34070968;8,357766667;9,848951375;10,08793333;8,940032258
CONTROL_PASTERAL_2;2011;5,697096774;4,241785714;38,03303226;22,55133333;18,37935484;32,24166667;11,45612903;19,26709677;7,359;5,479032258;24,3037;11,27858065
CONTROL_PASTERAL_2;2012;6,463419355;5,094896552;5,17083871;5,097166667;6,844451613;10,86641037;11,1776129;10,53009677;7,124033333;4,667709677;4,382233333;4,591451613
CONTROL_PASTERAL_2;2013;4,385967742;4,247607143;4,707193548;4,096766667;7,054064516;12,65986667;12,31148387;10,99770968;11,6;7,970548387;7,183333333;5
CONTROL_PASTERAL_2;2014;5;4,568571429;4,29;4,585666667;4,778709677;9,133333333;10,28258065;8,057096774;15,28766667;13,34741935;10,556;46,81903226
CONTROL_PASTERAL_2;2015;6,579354839;4,864642857;7,960322581;10,20266667;8,834516129;10,36133333;12,51806452;6,934516129;6,247166667;6,409354839;5,463666667;5,577419355
CONTROL_PASTERAL_2;2016;5,290576903;5,108636276;5,515306484;5,754262333;5,233935484;8,095666667;12,28639023;10,5449254;7,245357454;5,332619355;4,723333333;4,365806452
CONTROL_PASTERAL_2;2017;4,434043235;4,697380053;4,917823253;4,967352431;7,067862343;11,84732155;11,41271976;9,671203293;7,236951501;6,352504032;5,850719329;3,781329973
CONTROL_PASTERAL_2;2018;3,328841398;2,75481374;2,955951613;3,465036667;14,74394839;26,32053597;11,96631563;9,490738575;11,55331495;44,39138711;56,36673359;11,51407529
CONTROL_PASTERAL_2;2019;5,122396414;5,094318769;5,775322985;6,560520185;7,155232115;11,40645131;11,62803507;11,45510204;7,545134611;5,956400933;4,879078786;4,139615194
CONTROL_PASTERAL_2;2020;55,0033908;24,90279065;8,050497114;24,19099084;22,73235674;51,5475015;11,58083658;13,75726691;15,73270099;6,850178091;12,96748911;9,788212477
CONTROL_PASTERAL_2;2020;55,0033908;24,90279065;8,050497114;24,19099084;22,73235674;51,5475015;11,58083658;13,75726691;15,73270099;6,850178091;12,96748911;9,788212477
CONTROL_PASTERAL_2;2021;5,498537192;5,565288404;6,124791407;6,973985851;7,119355998;10,36840935;11,32803644;10,34253613;6,76388806;6,121205258;5,710116949;5,568521224
CONTROL_PASTERAL_2;2021;5,498537192;5,565288404;6,124791407;6,973985851;7,119355998;10,36840935;11,32803644;10,34253613;6,76388806;6,121205258;5,710116949;5,568521224
CONTROL_PASTERAL_2;2022;5,620829206;5,25633501;5,12947322;5,885118405;6,748533754;10,81221783;10,79627487;8,232456614;6,276082091;3,759338457;3,407070392;3,162119029
CONTROL_PASTERAL_2;2022;5,620829206;5,25633501;5,12947322;5,885118405;6,748533754;10,81221783;10,79627487;8,232456614;6,276082091;3,759338457;3,407070392;3,162119029
CONTROL_PASTERAL_2;2023;3,173901587;2,721137772;2,208213452;2,191473143;2,293135617;4,726946516;6,954276202;6,309903838;3,384548992;2,575848993;2,439051817;2,166115963
CONTROL_PASTERAL_2;2023;3,173901587;2,721137772;2,208213452;2,191473143;2,293135617;4,726946516;6,954276202;6,309903838;3,384548992;2,575848993;2,439051817;2,166115963
CONTROL_PASTERAL_2;2024;2,188873899;1,636414619;1,126908494;1,183552747;1,749732012;2,971685864;7,979930519;7,521140423;4,893322963;3,912981217;3,168330477;3,242528385
CONTROL_PASTERAL_2;2024;2,188873899;1,636414619;1,126908494;1,183552747;1,749732012;2,971685864;7,979930519;7,521140423;4,893322963;3,912981217;3,168330477;3,242528385
CONTROL_PASTERAL_2;2025;3,316795798;3,136702102;3,593033897;3,152991738;3,517133676;7,850422059;7,907794702;;;;;
CONTROL_RIPOLL_TER;2007;1,967878956;2,026286967;1,74544123;18,86260652;11,86783015;6,943005025;3,358297041;4,625010972;2,270172095;2,893754563;2,114071768;1,843761493
CONTROL_RIPOLL_TER;2008;2,101875211;2,270947387;2,275748636;7,137718579;38,10027372;24,27604833;13,87404733;7,887982612;6,091802912;3,300793876;20,09158714;6,510680183
CONTROL_RIPOLL_TER;2009;8,619836616;10,84531924;7,421862218;17,60425142;18,96513994;9,608400856;8,019353335;4,536438786;3,331811968;3,770188857;3,130096258;3,991630761
CONTROL_RIPOLL_TER;2010;3,047789345;4,155753626;9,244753093;7,121724815;23,97380515;19,55881353;10,86178876;10,33025426;5,989526592;23,93761503;6,006282438;5,50912053
CONTROL_RIPOLL_TER;2011;3,89404744;4,255930459;27,76343996;13,98560243;15,94372878;20,97809799;9,0139715;7,702943353;4,592634872;3,565358716;31,18036319;8,417600021
CONTROL_RIPOLL_TER;2012;4,348457452;3,17202796;4,862118668;7,236568466;9,990845396;6,789311651;2,966606002;2,485592903;2,660199323;4,845710752;5,587946439;3,578653741
CONTROL_RIPOLL_TER;2013;3,349105118;3,036093479;19,4930778;19,75354117;29,54977598;16,0560618;13,93759427;7,942651444;6,751206252;4,058354298;9,068234901;4,311079766
CONTROL_RIPOLL_TER;2014;4,456982944;5,638492176;5,985698095;15,82009206;11,4679133;9,473385408;10,31964301;10,32131219;16,35366923;9,70071029;23,26594114;26,59883462
CONTROL_RIPOLL_TER;2015;7,705249951;6,310810014;12,16453911;11,57838536;9,248163948;8,907420088;6,747909341;7,908948672;7,605597013;8,975419483;19,88164919;6,857815685
CONTROL_RIPOLL_TER;2016;5,871756656;5,29245371;6,403342276;11,39618612;13,75389077;18,6590733;7,654066856;4,955204225;3,69982983;5,182151574;8,200231759;7,381184546
CONTROL_RIPOLL_TER;2017;5,376909613;19,01074332;16,75163207;13,03534423;11,06904892;6,410748406;3,638222946;2,431299123;2,858665556;3,013077985;2,309315038;1,991330309
CONTROL_RIPOLL_TER;2018;3,395448997;7,153713632;13,45613352;31,50417246;23,58145104;20,76019883;10,05483069;10,67261787;12,68375548;41,0145904;26,02041382;8,395933268
CONTROL_RIPOLL_TER;2019;4,819919684;3,964079395;3,400734502;5,515904045;9,668257463;6,527237986;4,592876208;2,374894177;2,567637348;6,715103694;7,117442108;16,47062901
CONTROL_RIPOLL_TER;2020;37,88316126;16,14020747;10,69953858;16,47702517;22,86685603;35,98372199;13,87932663;14,70155842;11,38663633;8,418100334;14,95390013;9,586880527
CONTROL_RIPOLL_TER;2021;5,756331773;9,320269212;7,893385237;6,536797903;12,50564439;11,07363367;4,957490174;3,976315765;4,721240804;3,506708845;4,907110053;3,684377939
CONTROL_RIPOLL_TER;2022;2,883447382;2,409156945;7,434646907;7,544631809;7,955926192;4,021720752;2,093235813;4,205818035;5,60935049;3,261490161;2,409200352;2,30680521
CONTROL_RIPOLL_TER;2023;1,70453994;2,25168008;2,607945502;2,116871602;4,052940124;10,28353978;4,380768196;3,281604786;2,730842742;2,211257573;2,365005546;2,467245824
CONTROL_RIPOLL_TER;2024;1,856291745;1,641156258;3,604866773;7,361772211;17,14984004;11,86932151;4,856484579;3,303559749;3,548199434;5,473583804;7,04657344;3,710205876
CONTROL_RIPOLL_TER;2025;2,683374602;2,486093893;26,01796633;18,75889379;17,63559588;8,139971982;6,720342572;;;;;
CONTROL_RODA_TER;2007;;;;;;;;;;;;
CONTROL_RODA_TER;2008;;;;;;;;;;;;
CONTROL_RODA_TER;2009;;;;;;;;;;;;
CONTROL_RODA_TER;2010;;;;;;;;;;;;
CONTROL_RODA_TER;2011;;;;;;;;;;;;
CONTROL_RODA_TER;2012;;;;;;;;;;;;
CONTROL_RODA_TER;2013;;;;;;;;;;;;
CONTROL_RODA_TER;2014;;;;;;;;;;;;
CONTROL_RODA_TER;2015;;;;;;;;;;;;
CONTROL_RODA_TER;2016;;;;;;;;;;;;
CONTROL_RODA_TER;2017;;;;;;;;;;;;
CONTROL_RODA_TER;2018;;;;;;;;;;;;
CONTROL_RODA_TER;2019;;;;;;;;;;;;
CONTROL_RODA_TER;2020;;;;;;;;19,62467127;11,80232523;8,625455886;19,71999123;10,2126251
CONTROL_RODA_TER;2021;7,318460063;10,49880711;8,941531661;8,157436177;14,73883769;10,30607185;5,31596857;4,434864786;5,848657152;4,298879815;6,620632575;5,014216272
CONTROL_RODA_TER;2022;3,994217422;3,352657246;10,46625066;9,79211459;9,857021853;5,105221176;1,878856583;5,649515234;8,121925421;4,200918369;2,812673797;2,967270626
CONTROL_RODA_TER;2023;2,178969037;3,734565285;3,569874131;2,80614789;7,500125433;15,45391503;4,6326587;3,860279008;3,076450322;2,309096138;2,251761878;2,592313206
CONTROL_RODA_TER;2024;2,079451259;1,631118116;4,808145583;8,360532288;21,02282392;20,63266819;5,603549263;3,812080883;3,691184952;7,242685094;9,418164371;4,498006814
CONTROL_RODA_TER;2025;2,997324098;3,441216419;41,94273388;24,33871775;24,01981186;10,08429641;10,15661275;;;;;
CONTROL_TER_COLOMERS;2007;7,8035256;9,042003472;7,853154866;16,96791215;12,19315589;124,6970658;124,1640236;125,5494532;122,3813276;119,4832991;111,9651177;111,28644
CONTROL_TER_COLOMERS;2008;100,769;97,96;;7,933158397;11,98527198;15,36714099;14,72637722;6,144527466;2,99800891;2,795342038;8,988700983;21,30314243
CONTROL_TER_COLOMERS;2009;7,103171013;12,39056834;11,91568271;44,78247195;30,61977144;11,15881506;12,08510967;11,24955044;9,971059722;8,667179351;8,090369732;7,711270497
CONTROL_TER_COLOMERS;2010;7,926871416;11,75467795;15,27071991;9,742714218;22,07388259;16,85025347;9,641574301;9,977038607;13,60278241;18,00925911;15,0768401;13,66699143
CONTROL_TER_COLOMERS;2011;9,922221974;8,000368184;71,57923636;30,46448758;28,54444265;25,77873928;;;;;;
CONTROL_TER_COLOMERS;2012;;;;;;;;;;;;
CONTROL_TER_COLOMERS;2013;;;;;;;18,477384;15,88558177;19,35400625;17,01292652;22,19871331;14,94164908
CONTROL_TER_COLOMERS;2014;14,18553954;14,2557345;13,08404842;15,05641296;12,62427755;13,7261125;16,97241151;15,59981216;19,71220994;27,0560224;26,21822778;97,30390973
CONTROL_TER_COLOMERS;2015;19,08207135;15,32121503;25,45849496;22,86461262;16,60087735;12,97249201;14,66599492;14,01693459;13,33618068;14,73184689;15,64144803;13,42420178
CONTROL_TER_COLOMERS;2016;13,21303315;13,91230867;13,46179693;14,92722234;14,48382807;12,7159397;13,82457908;13,91732661;13,32919977;15,27866784;13,04759688;12,75107941
CONTROL_TER_COLOMERS;2017;18,71913316;19,45898071;16,84931384;13,44049757;12,47187612;14,63301569;14,46542552;11,5381903;13,01044676;12,06700358;11,46521192;8,70618862
CONTROL_TER_COLOMERS;2018;8,544638889;9,590704241;8,832360439;8,369576383;26,58099085;42,02540422;16,6792661;13,98339628;19,49306299;79,5446824;143,0363248;29,00746112
CONTROL_TER_COLOMERS;2019;15,57747961;13,16941406;12,77652136;14,07325984;14,29532878;12,92896989;12,95890456;12,65884857;12,54862269;6,33449821;3,984930546;8,020004466
CONTROL_TER_COLOMERS;2020;88,40545524;31,64806662;12,41384185;59,12779793;31,73466768;57,11425443;10,9267399;10,30354523;15,81598953;15,9992077;31,20315292;25,45449633
CONTROL_TER_COLOMERS;2020;88,40545524;31,64806662;12,41384185;59,12779793;31,73466768;57,11425443;10,9267399;10,30354523;15,81598953;15,9992077;31,20315292;25,45449633
CONTROL_TER_COLOMERS;2021;14,94337554;13,98995504;14,11182631;7,167012789;7,736692988;5,312808565;5,357670139;5,779961582;5,530779352;4,226202845;5,982905972;5,149214494
CONTROL_TER_COLOMERS;2021;14,94337554;13,98995504;14,11182631;7,167012789;7,736692988;5,312808565;5,357670139;5,779961582;5,530779352;4,226202845;5,982905972;5,149214494
CONTROL_TER_COLOMERS;2022;5,36954461;4,877181645;7,817967678;7,209184778;5,622505176;5,18321628;4,851731746;4,496692168;4,985311259;4,518513379;3,631019615;3,420877166
CONTROL_TER_COLOMERS;2022;5,36954461;4,877181645;7,817967678;7,209184778;5,622505176;5,18321628;4,851731746;4,496692168;4,985311259;4,518513379;3,631019615;3,420877166
CONTROL_TER_COLOMERS;2023;3,342071899;3,577899457;2,763224936;2,681170486;2,899472222;3,275933788;3,520380936;3,464921483;2,893976968;2,481785719;4,557799798;7,144041776
CONTROL_TER_COLOMERS;2023;3,342071899;3,577899457;2,763224936;2,681170486;2,899472222;3,275933788;3,520380936;3,464921483;2,893976968;2,481785719;2,692473899;3,394758327
CONTROL_TER_COLOMERS;2024;8,225640187;1,848163601;1,703780018;1,81365787;3,856158041;3,950075347;5,447254558;5,533882056;4,812755093;4,313993873;4,083658449;3,673523633
CONTROL_TER_COLOMERS;2024;3,641885422;1,848163601;1,703780018;1,81365787;3,856158041;3,950075347;5,447254558;5,533882056;4,812755093;4,313993873;4,083658449;3,673523633
CONTROL_TER_COLOMERS;2025;3,762281138;4,030609265;20,28061168;5,24031971;8,95354678;4,167286466;8,119289012;;;;;
CONTROL_TER_GIRONA;2007;1,058129211;1,097360714;1,356067742;3,373466667;1,667219355;3,368593333;4,587611962;3,501467563;2,680093103;1,037803226;0,672786667;1,030535484
CONTROL_TER_GIRONA;2008;0,94547;1,054424138;1,212706452;0,88261;1,549758065;3,063296574;4,628416129;5,279981083;3,768057523;2,924239873;2,976662269;9,171883231
CONTROL_TER_GIRONA;2009;4,480578293;9,940480407;5,174048275;25,04998333;25,0389402;8,656573436;8,619453405;8,604120128;4,363435764;2,65304753;2,402566565;1,993119176
CONTROL_TER_GIRONA;2010;2,256251008;4,117410021;5,570484207;3,21957608;20,0439235;26,44528401;15,32311776;8,415439498;5,683969478;15,00829671;8,910122801;6,615272513
CONTROL_TER_GIRONA;2011;3,870696237;2,322695437;44,48423498;25,83180705;19,99196853;38,5265956;8,320586694;14,27349798;4,037335648;3,329753584;54,72440511;12,52810148
CONTROL_TER_GIRONA;2012;6,254771505;4,55263902;3,73483871;3,124333333;3,639354839;7,704333333;9,167741935;7,470967742;4,686;;;
CONTROL_TER_GIRONA;2013;2,800322581;2,257142857;14,22967742;4,188666667;7,18883871;11,857;10,84816129;8,521967742;8,708333333;6,651935484;6,113;3,018709677
CONTROL_TER_GIRONA;2014;2,600967742;3,498928571;2,621612903;3,018;3,256774194;7,916;7,367096774;6,126451613;14,70133333;13,66612903;12,07723623;46,58271113
CONTROL_TER_GIRONA;2015;4,885806452;2,124285714;12,17416667;7,613666667;5,25483871;6,219666667;9,922580645;5,269677419;5,525666667;4,516451613;6,396666667;3,425483871
CONTROL_TER_GIRONA;2016;4,478226129;3,898827897;4,146893677;4,894133333;5,401612903;6,733666667;9,581612903;8,296734207;5,000188431;4,03026129;3,894666667;4,125806452
CONTROL_TER_GIRONA;2017;5,131875336;4,931786309;4,676960349;3,588362169;5,120916443;8,726020347;8,509173399;6,452299171;4,604578251;3,805563508;3,490470139;3,259054021
CONTROL_TER_GIRONA;2018;3,253372575;4,125860119;4,289152442;8,239662384;13,60323533;27,13174039;10,32790424;7,649635977;9,251876968;49,8940284;67,50402366;11,90744387
CONTROL_TER_GIRONA;2019;3,97262822;3,493946336;4,570403961;6,214474591;4,823310059;8,016984143;8,857581106;8,348998656;5,206039005;4,836660154;3,518172614;5,632164577
CONTROL_TER_GIRONA;2020;76,23818343;30,64947665;9,561880259;47,94022964;28,75457814;60,18304856;9,506247787;10,10845416;14,76308246;4,706849475;13,67545538;10,19655507
CONTROL_TER_GIRONA;2020;76,23818343;30,64947665;9,561880259;47,94022964;28,75457814;60,18304856;9,506247787;10,10845416;14,76308246;4,706849475;13,67545538;10,19655507
CONTROL_TER_GIRONA;2021;4,643854196;4,585731766;4,528987167;4,720443298;5,113652976;6,75082905;7,168599788;6,370775208;4,265509603;3,389164239;3,649717167;3,192725528
CONTROL_TER_GIRONA;2021;4,643854196;4,585731766;4,528987167;4,720443298;5,113652976;6,75082905;7,168599788;6,370775208;4,265509603;3,389164239;3,649717167;3,192725528
CONTROL_TER_GIRONA;2022;3,226081874;3,639625577;4,190578888;4,076094743;4,089642853;6,749254173;6,2253721;4,758958699;3,303653925;3,502811201;3,346187799;3,098564577
CONTROL_TER_GIRONA;2022;3,226081874;3,639625577;4,190578888;4,076094743;4,089642853;6,749254173;6,2253721;4,758958699;3,303653925;3,502811201;3,346187799;3,098564577
CONTROL_TER_GIRONA;2023;3,014365313;2,884685375;2,21608079;2,081579034;2,292179468;3,568460214;3,094639157;2,884987299;2,142134108;2,139727616;2,062912581;1,989769467
CONTROL_TER_GIRONA;2023;3,014365313;2,884685375;2,21608079;2,081579034;2,292179468;3,568460214;3,094639157;2,884987299;2,142134108;2,139727616;2,062912581;1,989769467
CONTROL_TER_GIRONA;2024;2,043638696;1,677120854;1,42087201;1,611106231;2,649099709;3,182497907;5,583292509;4,598304985;3,462375979;3,696274486;3,396237548;3,16883666
CONTROL_TER_GIRONA;2024;2,043638696;1,677120854;1,42087201;1,611106231;2,649099709;3,182497907;5,583292509;4,598304985;3,462375979;3,696274486;3,396237548;3,16883666
CONTROL_TER_GIRONA;2025;3,128933137;3,353888236;14,57597176;4,382669176;5,34750626;5,304276505;6,431180964;;;;;
CONTROL_TER_SAU;2007;2,238906452;2,111596429;0,121574194;21,63378667;23,73065806;0,008726667;0,127354839;0,903122581;7,790946667;17,83671935;3,556866667;4,638996774
CONTROL_TER_SAU;2008;0,008767742;7,573882759;5,688587097;6,591883333;9,800977419;17,55070667;22,36471613;12,38273548;12,55195333;8,444045161;14,15019333;12,02734839
CONTROL_TER_SAU;2009;8,656032258;19,34164286;8,387419355;22,88806373;19,52829432;12,09401007;11,31881571;12,01703226;11,22266667;4,588387097;2,198;5,513387097
CONTROL_TER_SAU;2010;7,17653971;6,835714286;14,16237013;9,236923433;25,74321697;21,33111177;13,39814116;10,940474;7,880108067;19,84903226;12,56475163;10,05766106
CONTROL_TER_SAU;2011;7,778981161;15,31781057;57,38633761;39,7390134;36,34069142;30,5468901;18,47905145;25,09383606;10,68281347;5,70939271;20,7647327;8,665230323
CONTROL_TER_SAU;2012;6,346060129;5,115528483;13,78814519;8,476417233;9,604782258;3,244986067;7,669769968;17,09493581;8,392221567;10,44226135;8,1481738;8,089862548
CONTROL_TER_SAU;2013;7,382056516;2,021489821;10,55446829;23,01624217;36,20248197;19,13404867;20,8106628;12,42626281;16,9778256;12,06067055;12,95857735;9,571183903
CONTROL_TER_SAU;2014;7,786092129;2,96746425;6,965784581;17,63230523;12,74661087;5,554956897;21,20793661;15,23464294;17,79603487;13,43844832;19,82457211;43,84299581
CONTROL_TER_SAU;2015;11,13587148;9,942428679;14,01099977;10,9424136;9,703393226;14,95793007;13,81893803;13,15931823;8,438801103;1,2678329;18,98495887;4,591995419
CONTROL_TER_SAU;2016;10,67365765;9,668787828;13,39143648;1,2879314;14,41957127;18,41841677;11,97536671;11,05846565;7,829018385;0,127507226;;
CONTROL_TER_SAU;2017;;;;;;;;;2,573000033;9,931935516;5,570444567;2,940215032
CONTROL_TER_SAU;2018;0,976451613;1,20440475;9,15892471;24,5777333;11,89548381;20,7054445;12,65391916;12,88623348;11,3335556;29,51310968;47,81439;13,40527419
CONTROL_TER_SAU;2019;4,215051613;5,030817857;11,34175806;10,67475333;12,09994516;5,643146667;6,982225806;3,601280645;7,23462;6,997248387;3,213416667;24,2853129
CONTROL_TER_SAU;2020;49,74129393;20,51708329;11,22293792;21,73759338;23,57247842;50,30208468;14,83515283;14,96979641;15,79590418;12,90212419;15,11228536;6,045698829
CONTROL_TER_SAU;2021;9,785320515;7,402803728;7,105999826;7,769306997;12,79428213;14,28662669;8,815175601;8,901936429;13,36926902;4,394691302;3,20866078;10,47548612
CONTROL_TER_SAU;2022;1,7336176;1,47882499;3,381382674;10,39697791;10,41646407;9,181949346;8,040422417;9,147742594;12,99786857;8,544186801;2,217994318;2,224961508
CONTROL_TER_SAU;2023;2,916498824;7,418030281;8,700175232;2,016526599;1,806960228;2,220242216;6,877688414;2,472094351;2,147498729;0,953702844;4,130268394;6,058701246
CONTROL_TER_SAU;2024;4,526530481;3,440159859;2,858028719;7,737791185;5,012937795;7,401207537;13,33878333;6,326595929;6,30986391;0,581500684;11,20586054;9,251233559
CONTROL_TER_SAU;2025;8,289704191;4,233346082;1,044790363;20,44785959;24,65511753;9,15677139;6,660528933;;;;;
CONTROL_TER_SUSQUEDA;2007;0,00043871;0,405039286;0,036951613;1,84773;0,113729032;0,023766667;0,000764286;0,01083;0,030033333;0,044651613;0,007696296;0,052955172
CONTROL_TER_SUSQUEDA;2008;0,024186667;0,101948148;0,702277419;0,871546667;0,559354839;0,871847222;0,022609677;0,001054435;0,003089583;0,051186492;0,587271528;1,254498285
CONTROL_TER_SUSQUEDA;2009;1,743403226;4,301988773;1,731593841;2,297828807;1,589376715;1,038839005;0,629515233;0,545575553;1,020141319;1,335777905;1,411939296;1,561455085
CONTROL_TER_SUSQUEDA;2010;1,876479727;4,275701214;5,877247366;2,980603488;6,116215612;2,578149276;1,490439543;1,80583591;3,773121064;7,335498262;;
CONTROL_TER_SUSQUEDA;2011;0,498721579;0,211018873;3,87688549;1,327010532;1,149393145;1,052343056;;;0,92263761;3,097397737;10,991089;2,940372424
CONTROL_TER_SUSQUEDA;2012;2,199537502;1,88334678;1,780009073;1,810178819;1,542770161;1,179442814;0,789626904;0,12341017;1,715847685;2,376877576;2,468406018;2,01849664
CONTROL_TER_SUSQUEDA;2013;1,876530802;1,921285714;5,065382504;2,954952315;3,071413755;2,427921991;1,95933703;1,612761873;2,159081533;2,306395049;2,965824653;2,564435932
CONTROL_TER_SUSQUEDA;2014;2,558597894;2,702484747;2,569712399;2,711892054;3,060261952;2,412959028;2,468943324;2,352750672;6,784982639;5,435206765;5,336825;6,218737919
CONTROL_TER_SUSQUEDA;2015;3,869360663;3,543755952;3,954823701;2,739939005;1,933160394;1,251158102;0,311428191;1,551959005;1,951851527;3,87441129;3,677612384;3,427624776
CONTROL_TER_SUSQUEDA;2016;3,159619129;3,179986138;2,972735484;3,462253588;3,23902733;2,122715741;0,961262097;0,30772547;2,463081019;3,865743554;3,149891782;3,114214942
CONTROL_TER_SUSQUEDA;2017;5,519519377;4,522214045;3,670629368;3,067105556;2,823959117;2,127240825;2,072532706;1,752249776;2,991580556;3,141787746;3,225473264;3,382563844
CONTROL_TER_SUSQUEDA;2018;3,54753909;3,959834863;4,017802531;5,467544055;6,211565748;3,389111458;2,304881392;2,792709117;3,926643727;5,840406584;12,0126713;1,08997247
CONTROL_TER_SUSQUEDA;2019;0,358170139;0,027335689;0,00377397;0,159219676;0,504215736;0,158016782;0,075014244;0,004420363;0,175431134;1,896459981;1,509250085;2,958213598
CONTROL_TER_SUSQUEDA;2020;7,83145272;0,869884579;0,687577447;5,977091898;1,081305451;0,942414236;0,097885081;0,233432796;0,043050926;0,111596704;0,479197819;0,391404798
CONTROL_TER_SUSQUEDA;2021;0,164076763;0,359323843;0,016641851;0,054714094;0,093778245;0,002419311;0,003445387;0,00546013;0,275631164;0,013809271;0,765239331;0,046334739
CONTROL_TER_SUSQUEDA;2022;0,015705877;0,013534051;0,641835241;0,511495872;0,12723077;0,080483033;0,582857986;0,502483199;1,126647374;2,260799955;1,749318412;0,840257168
CONTROL_TER_SUSQUEDA;2023;0,404303539;0,225682416;0,065417228;0,073092361;0,456542227;0,304138971;0,10800616;0,157524978;0,149965791;0,143351591;0,171732755;0,200634073
CONTROL_TER_SUSQUEDA;2024;0,224157594;0,208265925;0,324010641;0,620099142;0,319059252;0,177331822;0,064958333;0,576735347;0,599555716;0,53740961;0,689283912;0,483537753
CONTROL_TER_SUSQUEDA;2025;0,463416727;0,549270141;3,641497277;0,739838423;1,487294724;0,222531061;0,622455474;;;;;
CONTROL_TER_TORROELLA;2007;4,807641935;8,707932143;2,960606452;7,1544;2,71376129;2,472483333;2,154193548;2,832890323;2,352873333;3,568941935;1,83668;2,205974194
CONTROL_TER_TORROELLA;2008;2,130377419;1,971086207;2,140387097;1,72772;2,072706452;3,581546667;1,37763871;1,837223051;1,695853264;2,123901747;3,591273935;15,34168828
CONTROL_TER_TORROELLA;2009;12,42691879;21,55669722;9,194070968;32,01571588;26,89615515;6,449687685;4,231025134;3,838978338;4,212419954;5,171909229;6,581285324;4,303905578
CONTROL_TER_TORROELLA;2010;4,45287332;9,758796726;15,69501848;6,040804653;28,50609951;23,51542981;11,20907466;4,659548768;5,869828403;23,04921794;13,88301944;10,60897171
CONTROL_TER_TORROELLA;2011;8,130241487;6,149509449;49,88889281;31,87535157;22,54037368;26,84273667;8,492085327;14,10778911;3,104854861;15,3580058;102,7910311;31,77202036
CONTROL_TER_TORROELLA;2012;14,21005591;4,788560824;10,54129032;4,859333333;5,55516129;4,331;3,904516129;2,572903226;4,409333333;4,698064516;7,581333333;4,990967742
CONTROL_TER_TORROELLA;2013;5,289032258;4,673928571;21,20290323;10,041;12,56218183;12,69523914;7,774516129;5,640151613;9,380333333;7,870322581;11,861;5,373225806
CONTROL_TER_TORROELLA;2014;6,354193548;6,228214286;5,515806452;7,32;4,435483871;4,342666667;6,849354839;6,052580645;24,24766667;17,53903226;18,38233333;57,19096774
CONTROL_TER_TORROELLA;2015;11,87483871;7,652142857;18,33741935;15,517;7,573024238;3,591483171;4,030829839;4,979967744;5,826166692;5,224516129;5,690666667;3,768709677
CONTROL_TER_TORROELLA;2016;3,674193548;3,810586207;3,748677419;7,003077083;5,054516129;3,963333333;3,520322581;3,675255712;4,520214005;8,448158254;5,55733287;4,831795012
CONTROL_TER_TORROELLA;2017;15,43933503;12,39158971;8,65271113;6,070217593;4,139811604;5,263071598;5,202099798;2,350163978;4,052778472;4,68849384;3,97775787;2,559550627
CONTROL_TER_TORROELLA;2018;2,932557236;3,826885541;3,349395049;10,84084375;16,40044052;26,98179271;6,830213905;4,347166555;10,023205;55,56769727;106,392537;20,15873443
CONTROL_TER_TORROELLA;2019;6,395177419;4,890035714;4,37120627;6,495066667;5,822350744;3,851924884;3,596459789;3,272925291;3,826129398;8,975800161;4,564696145;12,25146099
CONTROL_TER_TORROELLA;2020;95,58697422;33,69917863;12,63074407;91,44034964;30,86721834;60,90290951;10,68150152;8,878471871;19,0334989;7,282857092;21,75099874;15,68083237
CONTROL_TER_TORROELLA;2020;95,58697422;33,69917863;12,5136233;91,44034964;30,83924356;72,55242459;10,68150152;8,878471871;18,6657156;7,282857092;21,75099874;15,68083237
CONTROL_TER_TORROELLA;2021;6,567928441;5,95450392;5,562311562;5,80616735;6,461933446;4,408451421;3,493645756;3,998798884;5,799398399;4,248750755;6,802729004;6,351334029
CONTROL_TER_TORROELLA;2021;6,567928441;5,95450392;5,562311562;5,80616735;6,461933446;4,408451421;3,493645756;3,998798884;5,799398399;4,248750755;6,802729004;6,351334029
CONTROL_TER_TORROELLA;2022;6,30112036;5,189387631;8,96965162;7,703661148;5,279751766;3,335792212;2,999984674;2,959862853;4,744763826;5,864139276;3,857410874;3,713104207
CONTROL_TER_TORROELLA;2022;6,30112036;5,189387631;8,96965162;7,703661148;5,279751766;3,335792212;2,999984674;2,959862853;4,744763826;5,864139276;3,857410874;3,713104207
CONTROL_TER_TORROELLA;2023;3,547196511;3,937584101;2,861962434;2,269889822;2,418162538;2,416491689;2,297416263;2,646388434;2,779738919;2,328019447;2,269659918;2,376806285
CONTROL_TER_TORROELLA;2023;3,547196511;3,937584101;2,861962434;2,269889822;2,418162538;2,416491689;2,297416263;2,646388434;2,779738919;2,328019447;2,269659918;2,376806285
CONTROL_TER_TORROELLA;2024;2,313838052;1,658915869;2,045329992;1,760637076;4,232962235;2,43842137;3,026859691;3,372474708;3,177577617;3,738241149;4,172449425;3,757943655
CONTROL_TER_TORROELLA;2024;2,313838052;1,658915869;2,045329992;1,760637076;4,232962235;2,43842137;3,026859691;3,372474708;3,177577617;3,738241149;4,172449425;3,757943655
CONTROL_TER_TORROELLA;2025;3,711145915;4,558901285;27,87800863;6,277982313;10,77031848;3,300641327;8,767470004;;;;;
CONTROL_VOLTREGA_TER;2019;;;;;;;1,6054518;;1,877679124;1,551923398;1,229680431;2,950392592
CONTROL_VOLTREGA_TER;2020;5,257490578;3,911369971;2,855045456;4,25519375;4,739042339;6,4427125;3,215590558;2,728971351;2,870501519;2,180653163;3,317452812;3,165735386
CONTROL_VOLTREGA_TER;2021;2,559179794;2,901659915;3,003394443;2,585254441;3,344357266;3,080134798;1,876164481;1,854045194;2,137419183;2,46250304;2,824234218;2,612887402
CONTROL_VOLTREGA_TER;2022;2,335556704;2,138484821;3,086542754;2,768330556;;2,023013486;1,311234804;2,105492687;1,963152468;2,200419522;2,223289948;2,187086834
CONTROL_VOLTREGA_TER;2023;1,972821313;;;2,119836966;;;2,114643792;1,926471522;1,987967878;1,933610952;2,102782035;2,19267367
CONTROL_VOLTREGA_TER;2024;1,986295685;;;;;;;;;;;
CR_ANGLES_NO_REG;2020;0,097072879;0,194279101;0,168010753;0,185185185;0,197879331;0,019787933;0,182945042;0,044802867;0,146604938;0,100806452;0,081018519;0,078405018
CR_ANGLES_NO_REG;2021;0;0;0;0;0,100806452;0;0;0;0;0;0;0
CR_ANGLES_NO_REG;2022;0;0;0;0;0;0;0;0;0;0;0;0
CR_ANGLES_NO_REG;2023;0;0;0;0;0;0;0;0;0;0;0;0
CR_ANGLES_NO_REG;2024;0;0;0;0;0;0;0;0;0;0;0;0
CR_ANGLES_REG;2020;0,097072879;0;0,026135006;0;0;0;0,022401434;0,160543608;0,05787037;0,100806452;0,042438272;0,104540024
CR_ANGLES_REG;2021;0,190412186;0,206679894;0,209080048;0,208333333;0,108273596;0,02016129;0,194145759;0,21281362;0,200617284;0,220280765;0,162037037;0,134408602
CR_ANGLES_REG;2022;0,17921147;0,219080688;0,220280765;0,223765432;0,253882915;0,02426822;0,235215054;0,238948626;0,316358025;0,197879331;0,177469136;0,16427718
CR_ANGLES_REG;2023;0,156810036;0,132275132;0,022401434;0,034722222;0,026135006;0,005600358;0,149342891;0,134408602;0,05787037;0,014934289;0,011574074;0,011200717
CR_ANGLES_REG;2024;0,007467145;0;0;0;0;0;0,078405018;0,119474313;0,042438272;0;0;0
CR_ANGLES_TOTAL;2020;0,194145759;0,194279101;0,194145759;0,185185185;0,197879331;0,019787933;0,205346476;0,205346476;0,204475309;0,201612903;0,12345679;0,182945042
CR_ANGLES_TOTAL;2021;0,190412186;0,206679894;0,209080048;0,208333333;0,209080048;0,02016129;0,194145759;0,21281362;0,200617284;0,220280765;0,162037037;0,134408602
CR_ANGLES_TOTAL;2022;0,17921147;0,219080688;0,220280765;0,223765432;0,253882915;0,02426822;0,235215054;0,238948626;0,316358025;0,197879331;0,177469136;0,16427718
CR_ANGLES_TOTAL;2023;0,156810036;0,132275132;0,022401434;0,034722222;0,026135006;0,005600358;0,149342891;0,134408602;0,05787037;0,014934289;0,011574074;0,011200717
CR_ANGLES_TOTAL;2024;0,007467145;0;0;0;0;0;0,078405018;0,119474313;0,042438272;0;0;0
CR_CERVIA_NO_REG;2020;0;0;0;0;0,13067503;0,01754779;0,582437276;0,093339307;0,154320988;0,033602151;0,003858025;0
CR_CERVIA_NO_REG;2021;0;0;0;0,042438272;0,037335723;0,008213859;0,007467145;0,041069295;0,023148148;0,033602151;0;0,003733572
CR_CERVIA_NO_REG;2022;0;0;0,007467145;0,007716049;0,056003584;0,001120072;0,052270012;0,175477897;0;0,007467145;0,015432099;0
CR_CERVIA_NO_REG;2023;0;0;0;0;0,007467145;0,01082736;0,033602151;0,037335723;0,073302469;0,022401434;0;0
CR_CERVIA_NO_REG;2024;0,003733572;0;0;0;0;0,000373357;0,003733572;0,063470729;0,06558642;0,011200717;0;0
CR_CERVIA_REG;2020;0;0;0;0;0;0;0;0,459229391;0;0;0;0
CR_CERVIA_REG;2021;0;0;0;0,011574074;0,026135006;0,054883513;0,645908005;0,511499403;0,027006173;0;0;0
CR_CERVIA_REG;2022;0;0;0;0;0,089605735;0,060110514;0,619772999;0,332287933;0,077160494;0;0;0
CR_CERVIA_REG;2023;0;0;0;0;0;0,01754779;0,410692951;0,34348865;0,096450617;0;0;0
CR_CERVIA_REG;2024;0;0;0;0;0;0;0,384557945;0,34348865;0,111882716;0;0;0
CR_CERVIA_TOTAL;2020;0;0;0;0;0,13067503;0,01754779;0,582437276;0,552568698;0,154320988;0,033602151;0,003858025;0
CR_CERVIA_TOTAL;2021;0;0;0;0,054012346;0,063470729;0,063097372;0,653375149;0,552568698;0,050154321;0,033602151;0;0,003733572
CR_CERVIA_TOTAL;2022;0;0;0,007467145;0,007716049;0,145609319;0,061230585;0,672043011;0,50776583;0,077160494;0,007467145;0,015432099;0
CR_CERVIA_TOTAL;2023;0;0;0;0;0,007467145;0,028375149;0,444295102;0,380824373;0,169753086;0,022401434;0;0
CR_CERVIA_TOTAL;2024;0,003733572;0;0;0;0;0,000373357;0,388291517;0,406959379;0,177469136;0,011200717;0;0
CR_MOLI_PALS_NO_REG;2020;0,530167264;0,074404762;0;0,18904321;0,489097969;0,120967742;1,784647551;0,272550777;0,895061728;0,571236559;0,412808642;0,410692951
CR_MOLI_PALS_NO_REG;2021;0,209080048;0,388558201;0,34348865;0,343364198;0,3770908;0,017174432;0,171744325;0,17921147;0,366512346;0,589904421;0,239197531;0,089605735
CR_MOLI_PALS_NO_REG;2022;0,052270012;0,062003968;0,067204301;0,069444444;0,160543608;0,011947431;0,171744325;0,365890084;0,073302469;0,134408602;0,104166667;0,044802867
CR_MOLI_PALS_NO_REG;2023;0,018667861;0,012400794;0,011200717;0,069444444;0,08213859;0,021654719;0,141875747;0,145609319;0,104166667;0,070937873;0,104166667;0,007467145
CR_MOLI_PALS_NO_REG;2024;0,007467145;0,008267196;0,007467145;0,027006173;0,033602151;0,016054361;0,037335723;0,08213859;0,06558642;0,007467145;0,011574074;0,011200717
CR_MOLI_PALS_REG;2020;0;0;0;0;0;0;1,123805257;2,35588411;0,135030864;0;0;0
CR_MOLI_PALS_REG;2021;0,134408602;0,053736772;0,153076464;0,351080247;0,436827957;0,167264038;2,172939068;1,982526882;0,570987654;0;0;0
CR_MOLI_PALS_REG;2022;0;0,004133598;0;0,084876543;0,492831541;0,17510454;1,926523297;1,62037037;0,520833333;0;0;0
CR_MOLI_PALS_REG;2023;0;0;0;0,046296296;0,078405018;0,080271804;1,220878136;1,056600956;0,177469136;0,04853644;0;0
CR_MOLI_PALS_REG;2024;0;0;0;0;0;0,034348865;1,597968937;1,355286738;0,547839506;0,04853644;0;0
CR_MOLI_PALS_TOTAL;2020;0,530167264;0,074404762;0;0,18904321;0,489097969;0,120967742;2,908452808;2,628434886;1,030092593;0,571236559;0,412808642;0,410692951
CR_MOLI_PALS_TOTAL;2021;0,34348865;0,442294974;0,496565114;0,694444444;0,813918757;0,184438471;2,344683393;2,161738351;0,9375;0,589904421;0,239197531;0,089605735
CR_MOLI_PALS_TOTAL;2022;0,052270012;0,066137566;0,067204301;0,154320988;0,653375149;0,187051971;2,098267622;1,986260454;0,594135802;0,134408602;0,104166667;0,044802867
CR_MOLI_PALS_TOTAL;2023;0,018667861;0,012400794;0,011200717;0,115740741;0,160543608;0,101926523;1,362753883;1,202210275;0,281635802;0,119474313;0,104166667;0,007467145
CR_MOLI_PALS_TOTAL;2024;0,007467145;0,008267196;0,007467145;0,027006173;0,033602151;0,050403226;1,635304659;1,437425329;0,613425926;0,056003584;0,011574074;0,011200717
CR_MONAR_NO_REG;2020;0,056003584;0,268683862;0;0,073302469;0,205346476;0,048163082;0,302419355;0,190412186;0,223765432;0,056003584;0,239197531;0,104540024
CR_MONAR_NO_REG;2021;0,011200717;0;0,011200717;0,007716049;0,037335723;0,00410693;0,007467145;0,026135006;0,011574074;0,003733572;0,015432099;0,007467145
CR_MONAR_NO_REG;2022;0,018667861;0,016534392;0,041069295;0,038580247;0,070937873;0,001493429;0,044802867;0,112007168;0,023148148;0;0;0,003733572
CR_MONAR_NO_REG;2023;0;0,024801587;0,014934289;0,046296296;0,078405018;0,00410693;0,022401434;0,029868578;0,054012346;0,037335723;0;0
CR_MONAR_NO_REG;2024;0;0;0;0;0;0,002240143;0;0,033602151;0,034722222;0;0;0
CR_MONAR_REG;2020;0,186678614;0;0;0;0;0;0,350955795;0,324820789;0,108024691;0,186678614;0,088734568;0,235215054
CR_MONAR_REG;2021;0,197879331;0,012400794;0,018667861;0,007716049;0,059737157;0,018667861;0,306152927;0,3770908;0,100308642;0,041069295;0,084876543;0,063470729
CR_MONAR_REG;2022;0,141875747;0,148809524;0,246415771;0,096450617;0,16427718;0,038455795;0,548835125;0,388291517;0,300925926;0,018667861;0;0,018667861
CR_MONAR_REG;2023;0;0,053736772;0,041069295;0,007716049;0,059737157;0,021654719;0,518966547;0,500298686;0,285493827;0,026135006;0,015432099;0
CR_MONAR_REG;2024;0;0;0;0;0;0,004853644;0,451762246;0,653375149;0,416666667;0,037335723;0;0
CR_MONAR_TOTAL;2020;0,186678614;0;0;0;0,112007168;0,009707288;0,466696535;0,380824373;0,169753086;0,190412186;0,092592593;0,235215054
CR_MONAR_TOTAL;2021;0,197879331;0,012400794;0,018667861;0,034722222;0,089605735;0,021281362;0,313620072;0,39202509;0,108024691;0,044802867;0,084876543;0,063470729
CR_MONAR_TOTAL;2022;0,141875747;0,148809524;0,246415771;0,111882716;0,190412186;0,039202509;0,567502987;0,429360812;0,304783951;0,026135006;0,003858025;0,018667861
CR_MONAR_TOTAL;2023;0;0,053736772;0,041069295;0,030864198;0,063470729;0,023148148;0,530167264;0,50776583;0,304783951;0,029868578;0,015432099;0,003733572
CR_MONAR_TOTAL;2024;0;0,008267196;0,007467145;0;0;0,005600358;0,451762246;0,657108722;0,424382716;0,063470729;0;0
CR_PARDINA_NO_REG;2020;0;0;0;0;0;0;0;0;0;0;0;0
CR_PARDINA_NO_REG;2021;0;0;0;0;0;0;0;0;0;0;0;0
CR_PARDINA_NO_REG;2022;0;0;0;0;0;0;0;0;0;0;0;0
CR_PARDINA_NO_REG;2023;0;0;0;0;0;0;0;0;0;0;0;0
CR_PARDINA_NO_REG;2024;0;0;0;0;0;0;0;0;0;0;0;0
CR_PARDINA_REG;2020;0,085872162;0,103339947;0,145609319;0,13117284;0,13067503;0,016427718;0,186678614;0,182945042;0,127314815;0,123207885;0,111882716;0,108273596
CR_PARDINA_REG;2021;0,104540024;0,095072751;0,097072879;0,138888889;0,138142174;0,017174432;0,205346476;0,190412186;0,104166667;0,138142174;0,092592593;0,089605735
CR_PARDINA_REG;2022;0,078405018;0,111607143;0,085872162;0,081018519;0,119474313;0,016427718;0,186678614;0,16427718;0,13117284;0,115740741;0,088734568;0,074671446
CR_PARDINA_REG;2023;0,074671446;0,066137566;0,067204301;0,038580247;0,022401434;0,008213859;0,112007168;0,115740741;0,06558642;0,052270012;0,054012346;0,052270012
CR_PARDINA_REG;2024;0,070937873;0,016534392;0,011200717;0,007716049;0,003733572;0,006347073;0,134408602;0,123207885;0,077160494;0,029868578;0,023148148;0,022401434
CR_PARDINA_TOTAL;2020;0,085872162;0,103339947;0,145609319;0,13117284;0,13067503;0,016427718;0,186678614;0,182945042;0,127314815;0,123207885;0,111882716;0,108273596
CR_PARDINA_TOTAL;2021;0,104540024;0,095072751;0,097072879;0,138888889;0,138142174;0,017174432;0,205346476;0,190412186;0,104166667;0,138142174;0,092592593;0,089605735
CR_PARDINA_TOTAL;2022;0,078405018;0,111607143;0,085872162;0,081018519;0,119474313;0,016427718;0,186678614;0,16427718;0,13117284;0,115740741;0,088734568;0,074671446
CR_PARDINA_TOTAL;2023;0,074671446;0,066137566;0,067204301;0,038580247;0,022401434;0,008213859;0,112007168;0,115740741;0,06558642;0,052270012;0,054012346;0,052270012
CR_PARDINA_TOTAL;2024;0,070937873;0,016534392;0,011200717;0,007716049;0,003733572;0,006347073;0,134408602;0,123207885;0,077160494;0,029868578;0,023148148;0,022401434
CR_SENTMENAT_NO_REG;2020;0,138142174;0,107473545;0,126941458;0,173611111;0,451762246;0,110887097;1,639038232;0,250149343;0,821759259;0,522700119;0,37808642;0,3770908
CR_SENTMENAT_NO_REG;2021;0,194145759;0,355489418;0,317353644;0,316358025;0,34348865;0,022774791;0,197879331;0,205346476;0,524691358;0,574970131;0,358796296;0,238948626
CR_SENTMENAT_NO_REG;2022;0,280017921;0,367890212;0,220280765;0,158179012;0,17921147;0,015307646;0,209080048;0,324820789;0,069444444;0,253882915;0,339506173;0,380824373
CR_SENTMENAT_NO_REG;2023;0,373357228;0,256283069;0,224014337;0,196759259;0,141875747;0,022028076;0,123207885;0,115740741;0,138888889;0,13067503;0,200617284;0,089605735
CR_SENTMENAT_NO_REG;2024;0,134408602;0,095072751;0,070937873;0,158179012;0,097072879;0,022774791;0,029868578;0,063470729;0,038580247;0,022401434;0,096450617;0,119474313
CR_SENTMENAT_REG;2020;0;0;0;0;0;0;1,03046595;2,161738351;0,12345679;0;0;0
CR_SENTMENAT_REG;2021;0,123207885;0,049603175;0,141875747;0,320216049;0,403225806;0,221027479;2,52016129;2,240143369;0,513117284;0;0;0
CR_SENTMENAT_REG;2022;0;0,020667989;0;0,185185185;0,578703704;0,223267622;2,303614098;1,485961768;0,486111111;0;0;0
CR_SENTMENAT_REG;2023;0;0;0;0,100308642;0,123207885;0,078031661;1,079002389;0,843787336;0,138888889;0,097072879;0;0
CR_SENTMENAT_REG;2024;0;0;0;0;0;0,028748507;1,220878136;1,071535245;0,3125;0,134408602;0;0
CR_SENTMENAT_TOTAL;2020;0,138142174;0,107473545;0,126941458;0,173611111;0,451762246;0,110887097;2,669504182;2,411887694;0,945216049;0,522700119;0,37808642;0,3770908
CR_SENTMENAT_TOTAL;2021;0,317353644;0,405092593;0,459229391;0,636574074;0,746714456;0,24380227;2,718040621;2,445489845;1,037808642;0,574970131;0,358796296;0,238948626
CR_SENTMENAT_TOTAL;2022;0,280017921;0,388558201;0,220280765;0,343364198;0,757915173;0,238575269;2,512694146;1,810782557;0,555555556;0,253882915;0,339506173;0,380824373
CR_SENTMENAT_TOTAL;2023;0,373357228;0,256283069;0,224014337;0,297067901;0,265083632;0,100059737;1,202210275;0,959528076;0,277777778;0,227747909;0,200617284;0,089605735
CR_SENTMENAT_TOTAL;2024;0,134408602;0,095072751;0,070937873;0,158179012;0,097072879;0,051523297;1,250746714;1,135005974;0,351080247;0,156810036;0,096450617;0,119474313
CR_STJULIA_NO_REG;2020;0;0;0,007467145;0,030864198;0,022401434;0,002240143;0,022401434;0,007467145;0,019290123;0,014934289;0,003858025;0,007467145
CR_STJULIA_NO_REG;2021;0;0;0;0;0,014934289;0;0;0;0;0;0;0
CR_STJULIA_NO_REG;2022;0;0;0;0;0;0;0;0;0;0;0;0
CR_STJULIA_NO_REG;2023;0;0;0;0;0;0;0;0;0;0;0;0
CR_STJULIA_NO_REG;2024;0;0;0;0;0;0;0;0;0;0;0;0
CR_STJULIA_REG;2020;0;0;0,003733572;0;0;0;0,003733572;0,022401434;0,007716049;0,014934289;0;0,007467145
CR_STJULIA_REG;2021;0,007467145;0,012400794;0,018667861;0,027006173;0,014934289;0,002613501;0,022401434;0,026135006;0,023148148;0,018667861;0;0
CR_STJULIA_REG;2022;0;0;0;0,011574074;0,037335723;0,003733572;0,037335723;0,026135006;0,030864198;0,029868578;0;0
CR_STJULIA_REG;2023;0;0;0;0,003858025;0,003733572;0,000746714;0,014934289;0,014934289;0,011574074;0;0;0
CR_STJULIA_REG;2024;0;0,004133598;0,003733572;0;0;0,000373357;0,026135006;0,026135006;0,023148148;0;0;0
CR_STJULIA_TOTAL;2020;0;0;0,011200717;0,030864198;0,022401434;0,002240143;0,026135006;0,029868578;0,027006173;0,029868578;0,003858025;0,014934289
CR_STJULIA_TOTAL;2021;0,007467145;0,012400794;0,018667861;0,027006173;0,029868578;0,002613501;0,022401434;0,026135006;0,023148148;0,018667861;0;0
CR_STJULIA_TOTAL;2022;0;0;0;0,011574074;0,037335723;0,003733572;0,037335723;0,026135006;0,030864198;0,029868578;0;0
CR_STJULIA_TOTAL;2023;0;0;0;0,003858025;0,003733572;0,000746714;0,014934289;0,014934289;0,011574074;0;0;0
CR_STJULIA_TOTAL;2024;0;0,004133598;0,003733572;0;0;0,000373357;0,026135006;0,026135006;0,023148148;0;0;0
CR_VILANNA_NO_REG;2020;0;0;0;0;0,112007168;0,009707288;0,115740741;0,056003584;0,061728395;0,003733572;0,003858025;0
CR_VILANNA_NO_REG;2021;0;0;0;0,027006173;0,029868578;0,002613501;0,007467145;0,014934289;0,007716049;0,003733572;0;0
CR_VILANNA_NO_REG;2022;0;0;0;0,015432099;0,026135006;0,000746714;0,018667861;0,041069295;0,003858025;0,007467145;0,003858025;0
CR_VILANNA_NO_REG;2023;0;0;0;0,023148148;0,003733572;0,001493429;0,011200717;0,007467145;0,019290123;0,003733572;0;0,003733572
CR_VILANNA_NO_REG;2024;0;0,008267196;0,007467145;0;0;0,000746714;0;0,003733572;0,007716049;0,026135006;0;0
CR_VILANNA_REG;2020;0;0;0;0;0;0;0,119474313;0,13067503;0,050154321;0,007467145;0;0
CR_VILANNA_REG;2021;0;0;0;0,038580247;0,052270012;0,016427718;0,250149343;0,209080048;0,06558642;0,04853644;0;0
CR_VILANNA_REG;2022;0;0,008267196;0,003733572;0,034722222;0,067204301;0,018667861;0,201612903;0,145609319;0,073302469;0,033602151;0,023148148;0
CR_VILANNA_REG;2023;0;0;0;0;0,007467145;0,004480287;0,197879331;0,093339307;0,077160494;0;0;0,011200717
CR_VILANNA_REG;2024;0,003733572;0,024801587;0,011200717;0;0;0,001493429;0,126941458;0,112007168;0,092592593;0,022401434;0,003858025;0
CR_VILANNA_TOTAL;2020;0;0;0;0;0,112007168;0,009707288;0,235215054;0,186678614;0,111882716;0,011200717;0,003858025;0
CR_VILANNA_TOTAL;2021;0;0;0;0,06558642;0,08213859;0,019041219;0,257616487;0,224014337;0,073302469;0,052270012;0;0
CR_VILANNA_TOTAL;2022;0;0,008267196;0,003733572;0,050154321;0,093339307;0,019414576;0,220280765;0,186678614;0,077160494;0,041069295;0,027006173;0
CR_VILANNA_TOTAL;2023;0;0;0;0,023148148;0,011200717;0,005973716;0,209080048;0,100806452;0,096450617;0,003733572;0;0,014934289
CR_VILANNA_TOTAL;2024;0,003733572;0,033068783;0,018667861;0;0;0,002240143;0,126941458;0,115740741;0,100308642;0,04853644;0,003858025;0
CR_VINYALS_NO_REG;2020;0,014934289;0;0,104540024;0,111882716;0,246415771;0,032108722;0,862455197;0,17921147;0,412808642;0,29495221;0,24691358;0,059737157
CR_VINYALS_NO_REG;2021;0,04853644;0,128141534;0,078405018;0,150462963;0,134408602;0,010080645;0,011200717;0,04853644;0,088734568;0,302419355;0,25462963;0,138142174
CR_VINYALS_NO_REG;2022;0,149342891;0,107473545;0,141875747;0,13117284;0,197879331;0,001493429;0,067204301;0,283751493;0,003858025;0,197879331;0,227623457;0,089605735
CR_VINYALS_NO_REG;2023;0,104540024;0,090939153;0,123207885;0,050154321;0,067204301;0,007467145;0,04853644;0,059737157;0,088734568;0,112007168;0,088734568;0
CR_VINYALS_NO_REG;2024;0,011200717;0,004133598;0;0;0;0,002986858;0,003733572;0,056003584;0,061728395;0,026135006;0,019290123;0,018667861
CR_VINYALS_REG;2020;0;0;0;0;0;0;0;0,810185185;0;0;0;0
CR_VINYALS_REG;2021;0,037335723;0;0,056003584;0,054012346;0,063470729;0,069817802;1,019265233;0,709378734;0,146604938;0;0;0
CR_VINYALS_REG;2022;0;0;0;0;0,145609319;0,077658303;0,810185185;0,485364397;0,455246914;0;0;0
CR_VINYALS_REG;2023;0;0;0;0;0;0,015681004;0,567502987;0,511499403;0,077160494;0;0;0
CR_VINYALS_REG;2024;0;0;0;0;0;0;0,380824373;0,373357228;0,100308642;0;0;0
CR_VINYALS_TOTAL;2020;0,014934289;0;0,104540024;0,111882716;0,246415771;0,032108722;0,862455197;0,989396655;0,412808642;0,29495221;0,24691358;0,059737157
CR_VINYALS_TOTAL;2021;0,085872162;0,128141534;0,134408602;0,204475309;0,197879331;0,079898447;1,03046595;0,757915173;0,235339506;0,302419355;0,25462963;0,138142174
CR_VINYALS_TOTAL;2022;0,149342891;0,107473545;0,141875747;0,13117284;0,34348865;0,079151732;0,877389486;0,76911589;0,459104938;0,197879331;0,227623457;0,089605735
CR_VINYALS_TOTAL;2023;0,104540024;0,090939153;0,123207885;0,050154321;0,067204301;0,023148148;0,616039427;0,571236559;0,165895062;0,112007168;0,088734568;0
CR_VINYALS_TOTAL;2024;0,011200717;0,004133598;0;0;0;0,002986858;0,384557945;0,429360812;0,162037037;0,026135006;0,019290123;0,018667861
EDAR_ANGLES;EXTRAPOLAT;0,037062865;0,041048231;0,037095257;0,038378626;0,037153562;0,038425486;0,037276652;0,037315522;0,038418792;0,037121171;0,038318377;0,037075822
EDAR_BANYOLES;EXTRAPOLAT;0,098675886;0,109793966;0,099812697;0,105199237;0,102424483;0,107195491;0,107777566;0,10922736;0,106987315;0,101007067;0,102678827;0,098988869
EDAR_BESCANO;EXTRAPOLAT;0,004921423;0,005467161;0,004960985;0,005196281;0,005050523;0,005265134;0,005234803;0,005284777;0,005258679;0,00500159;0,005110214;0,004931834
EDAR_CAMPRODON;MITJANA_2010-20;0,019479467;0,021932432;0,019718141;0,019859387;0,01838891;0,019817649;0,022942075;0,027664147;0,020701722;0,019248136;0,018269573;0,020232208
EDAR_CASSA;EXTRAPOLAT;0,033580242;0,037337574;0,033910746;0,035638287;0,034669611;0,036218299;0,036222422;0,036643398;0,036157245;0,034257866;0,03490564;0,033670715
EDAR_CELRA;EXTRAPOLAT;0,02330897;0,025816857;0,023332673;0,024149616;0,023384818;0,024193703;0,023493849;0,023527033;0,024188804;0,023356375;0,024100631;0,023313711
EDAR_ESQ;MITJANA_2010-20;0,003882951;0,003882951;0,003882951;0,003882951;0,003882951;0,003882951;0,003882951;0,003882951;0,003882951;0,003882951;0,003882951;0,003882951
EDAR_FLAÇA;EXTRAPOLAT;0,003446214;0,003834564;0,003482899;0,003668121;0,003569216;0,003730557;0,00374185;0,003791482;0,003723867;0,003521741;0,003585616;0,003457003
EDAR_FOLG;MITJANA_2010-20;0,005648497;0,005648497;0,005648497;0,005648497;0,005648497;0,005648497;0,005648497;0,005648497;0,005648497;0,005648497;0,005648497;0,005648497
EDAR_GIRONA;EXTRAPOLAT;0,443268776;0,49297839;0,447879507;0,47116306;0,458480357;0,479266537;0,480180168;0,486074496;0,478428473;0,452739294;0,46093473;0,444545987
EDAR_HOSTOLES;MITJANA_2010-20;0,010316439;0,010316439;0,010316439;0,010316439;0,010316439;0,010316439;0,010316439;0,010316439;0,010316439;0,010316439;0,010316439;0,010316439
EDAR_MANLLEU;MITJANA_2010-20;0,075684392;0,075684392;0,075684392;0,075684392;0,075684392;0,075684392;0,075684392;0,075684392;0,075684392;0,075684392;0,075684392;0,075684392
EDAR_PALS;EXTRAPOLAT;0,009069355;0,011280564;0,011628308;0,016660986;0,017530959;0,021171637;0,029600686;0,032874013;0,020704486;0,0143344;0,010980253;0,009781597
EDAR_QUART;EXTRAPOLAT;0,007595332;0,008422007;0,007623273;0,007925503;0,00768614;0,007973623;0,007814204;0,00784913;0,007968811;0,007651214;0,007865352;0,007602317
EDAR_RIBES;MITJANA_2010-20;0,023639959;0,026568731;0,023898651;0,024144917;0,022468232;0,024097743;0,02736057;0,032427906;0,025049074;0,023396483;0,022438812;0,024446472
EDAR_RIPOLL;MITJANA_2010-20;0,084392575;0,093560263;0,084472004;0,087117723;0,084029475;0,087100135;0,085555633;0,087149872;0,087404988;0,084318821;0,086584229;0,084647881
EDAR_RIUDELLOTS;EXTRAPOLAT;0,008792681;0,009758579;0,008840023;0,009219189;0,008943315;0,00929924;0,009158505;0,009218759;0,009290345;0,008887365;0,009116902;0,008805593
EDAR_RODA;MITJANA_2010-20;0,013311126;0,013311126;0,013311126;0,013311126;0,013311126;0,013311126;0,013311126;0,013311126;0,013311126;0,013311126;0,013311126;0,013311126
EDAR_SEVA;MITJANA_2010-20;0,004101322;0,004101322;0,004101322;0,004101322;0,004101322;0,004101322;0,004101322;0,004101322;0,004101322;0,004101322;0,004101322;0,004101322
EDAR_STGREGORI;EXTRAPOLAT;0,003510235;0,003889814;0,003517574;0,003649994;0,003536446;0,003664078;0,00357419;0,003584675;0,003661911;0,003525961;0,003631576;0,003512332
EDAR_STHILARI;MITJANA_2010-20;0,017365101;0,017365101;0,017365101;0,017365101;0,017365101;0,017365101;0,017365101;0,017365101;0,017365101;0,017365101;0,017365101;0,017365101
EDAR_STJOANABADESSES;MITJANA_2010-20;0,011839016;0,013155545;0,011870024;0,012198403;0,011699478;0,012195199;0,012282436;0,0128871;0,012307346;0,011811108;0,011996539;0,011935142
EDAR_STQUIRZE;MITJANA_2010-20;0,004442684;0,004442684;0,004442684;0,004442684;0,004442684;0,004442684;0,004442684;0,004442684;0,004442684;0,004442684;0,004442684;0,004442684
EDAR_TARADELL;MITJANA_2010-20;0,017499472;0,017499472;0,017499472;0,017499472;0,017499472;0,017499472;0,017499472;0,017499472;0,017499472;0,017499472;0,017499472;0,017499472
EDAR_TONA;MITJANA_2010-20;0,017684251;0,017684251;0,017684251;0,017684251;0,017684251;0,017684251;0,017684251;0,017684251;0,017684251;0,017684251;0,017684251;0,017684251
EDAR_TORELLO;MITJANA_2010-20;0,058517003;0,058517003;0,058517003;0,058517003;0,058517003;0,058517003;0,058517003;0,058517003;0,058517003;0,058517003;0,058517003;0,058517003
EDAR_TORROELLA;EXTRAPOLAT;0,039959794;0,047353807;0,046428293;0,059709642;0,061322293;0,071091429;0,091791491;0,100058238;0,0699103;0,053251823;0,045345206;0,041749383
EDAR_VIC;EXTRAPOLAT;0,205318535;0,228986971;0,207969193;0,218319097;0,211431764;0,2191992;0,215423671;0,219550896;0,219976487;0,209959176;0,213593682;0,20589165
EDAR_VILOBI;MITJANA_2010-20;0,004809438;0,004809438;0,004809438;0,004809438;0,004809438;0,004809438;0,004809438;0,004809438;0,004809438;0,004809438;0,004809438;0,004809438
